timestamp,nr samples,same data split,Dataset,Bias Mitigation,ML method,ML bias mit,Sensitive attrs,sex|[AOD] Average Odds Difference,race|[AOD] Average Odds Difference,sex|[EOD] Equal Opportunity Difference,race|[EOD] Equal Opportunity Difference,sex|[SPD] Statistical Parity Difference,race|[SPD] Statistical Parity Difference,sex|[DI] Disparate Impact,race|[DI] Disparate Impact,sex|[FR] Flip Rate,race|[FR] Flip Rate,sex|[SF] Statistical Parity Subgroup Fairness for One Attribute,race|[SF] Statistical Parity Subgroup Fairness for One Attribute,sex|[DF] Differential Fairness for One Attribute,race|[DF] Differential Fairness for One Attribute,accuracy,precision,recall,f1score,[SF] Statistical Parity Subgroup Fairness,[SF] Statistical Parity Subgroup Fairness if 0 was the positive label,[DF] Differential Fairness,[DF] Differential Fairness if 0 was the positive label,[MEOD] M Equal Opportunity Difference,[MEOD] M Average Odds Difference,VAR|sex|[AOD] Average Odds Difference,VAR|race|[AOD] Average Odds Difference,VAR|sex|[EOD] Equal Opportunity Difference,VAR|race|[EOD] Equal Opportunity Difference,VAR|sex|[SPD] Statistical Parity Difference,VAR|race|[SPD] Statistical Parity Difference,VAR|sex|[DI] Disparate Impact,VAR|race|[DI] Disparate Impact,VAR|sex|[FR] Flip Rate,VAR|race|[FR] Flip Rate,VAR|sex|[SF] Statistical Parity Subgroup Fairness for One Attribute,VAR|race|[SF] Statistical Parity Subgroup Fairness for One Attribute,VAR|sex|[DF] Differential Fairness for One Attribute,VAR|race|[DF] Differential Fairness for One Attribute,VAR|accuracy,VAR|precision,VAR|recall,VAR|f1score,VAR|[SF] Statistical Parity Subgroup Fairness,VAR|[SF] Statistical Parity Subgroup Fairness if 0 was the positive label,VAR|[DF] Differential Fairness,VAR|[DF] Differential Fairness if 0 was the positive label,VAR|[MEOD] M Equal Opportunity Difference,VAR|[MEOD] M Average Odds Difference
2023-03-20 23:08:30.449512,3,True,Compas Dataset,FairMask Bias Mitigation,DecisionTreeClassifier,RandomForestClassifier,"['sex', 'race']",0.09228333333333334,0.11259666666666668,0.06552666666666666,0.07141333333333333,0.11899666666666668,0.13029666666666664,0.17974666666666664,0.24878,0.0,0.0,0.01897009914757399,0.02880236943024329,0.19815072768265474,0.22215279948570543,0.6622593365808397,0.6803133333333333,0.7111666666666667,0.6953966666666666,0.03689514628710327,0.036895146287103255,0.3444401574035389,0.5286227680038644,0.11103333333333333,0.18855333333333335,3.5510222222222126e-06,1.4304622222222208e-05,2.7491488888888873e-05,2.6379488888888915e-05,5.2686888888888946e-06,1.525935555555557e-05,8.83368888888886e-06,4.705740000000003e-05,0.0,0.0,1.3361693212787594e-07,7.445745304625127e-07,1.315660646666885e-05,3.0204209865064167e-05,7.533069772744978e-07,7.718222222222199e-07,7.697155555555552e-06,1.5249555555555586e-06,7.579323150712469e-07,7.579323150712689e-07,2.6705025767071385e-05,0.0001701515263988669,2.617055555555553e-05,8.299488888888897e-06
2023-03-20 23:08:27.282537,3,True,Adult Dataset,FairMask Bias Mitigation,DecisionTreeClassifier,RandomForestClassifier,"['race', 'sex']",0.0483533333333333,0.0649533333333333,0.08613,0.11893,0.1035333333333333,0.0765233333333333,0.7173433333333333,0.51413,0.0,0.0,0.0226920679814983,0.0095089871593979,0.5407603477551786,0.4147778143769046,0.8122728901172015,0.6247966666666667,0.55506,0.5878666666666666,0.0260190465620232,0.0260190465620232,0.7890630929813004,0.1738037036167004,0.1570933333333333,0.0905433333333333,9.933555555555538e-07,1.0264888888888857e-06,3.073066666666664e-06,3.26666666666666e-07,6.520222222222252e-07,3.3494888888888952e-06,0.0001084586888888,0.0002918584666666,0.0,0.0,3.147536849360493e-08,5.161939320069125e-08,3.691554862855642e-05,0.000128060115835,2.2526503420083905e-07,1.984688888888943e-06,2.730666666666444e-07,3.87355555555553e-07,9.69718997018604e-09,9.697189970187762e-09,0.0003550133015666,6.140626027480224e-06,1.4942222222222773e-07,1.2112888888888868e-06
2023-03-20 23:08:14.580260,3,True,Compas Dataset,FairMask Bias Mitigation,DecisionTreeClassifier,GradientBoostingClassifier,"['sex', 'race']",0.0878166666666666,0.1169433333333333,0.06101,0.0691833333333333,0.1173266666666666,0.13573,0.1744633333333333,0.25431,0.0,0.0,0.0187032670546951,0.0300033559825837,0.1917228280198748,0.2265832853750597,0.6764091858037578,0.6888533333333333,0.73513,0.71124,0.037599757349061,0.0375997573490611,0.3442620871093291,0.558610948499556,0.1072666666666666,0.1911833333333333,2.734888888888876e-07,1.0555555555555574e-06,8.030866666666675e-06,1.1640155555555542e-05,1.644222222222248e-07,1.6388666666666654e-06,7.950888888888919e-07,1.190486666666662e-05,0.0,0.0,4.1609956362928946e-09,8.012153624241191e-08,1.1620597586353414e-06,7.586096706405009e-06,3.2284584740337094e-07,5.128888888888884e-08,4.773066666666541e-06,9.25866666666671e-07,2.5091773541781336e-07,2.5091773541784534e-07,1.314494819463582e-06,9.087450593982684e-05,1.8892822222222224e-05,9.54675555555554e-06
2023-03-20 23:08:12.216752,3,True,Adult Dataset,FairMask Bias Mitigation,DecisionTreeClassifier,GradientBoostingClassifier,"['race', 'sex']",0.04724,0.0668,0.0828566666666666,0.12552,0.1040499999999999,0.0752433333333333,0.7193366666666666,0.4995599999999999,0.0,0.0,0.0228055622683226,0.0093498295546525,0.5419233105679705,0.4051419853190892,0.8122217104253032,0.62429,0.55633,0.5883566666666666,0.0259309888885376,0.0259309888885376,0.7909262410396322,0.1745032992652566,0.15846,0.09129,1.934466666666671e-06,4.154999999999976e-06,5.098688888888895e-06,1.3520000000000054e-05,7.687999999999938e-07,1.145488888888886e-06,9.32486888888884e-05,0.0001320560666666,0.0,0.0,3.696592156795494e-08,1.7806689506697076e-08,3.166114793560481e-05,5.86163361699432e-05,1.8859398212162002e-07,1.5842000000000726e-06,0.0,3.146888888888431e-07,2.8519684431496783e-08,2.851968443149716e-08,7.77089832120627e-05,9.97857708081391e-07,0.0,2.212666666666684e-07
2023-03-20 23:08:04.020117,3,True,Compas Dataset,FairMask Bias Mitigation,DecisionTreeClassifier,NaiveBayes,"['sex', 'race']",0.08194,0.1166566666666666,0.0552399999999999,0.0566,0.1093166666666666,0.1321866666666666,0.17053,0.2592666666666667,0.0,0.0,0.0174262503052911,0.0292202933797069,0.1869676701691949,0.2305284978256558,0.6638830897703549,0.6860866666666666,0.7004666666666667,0.6932,0.0356573553081587,0.0356573553081587,0.3497696259645143,0.5110780649969769,0.0858933333333333,0.1813833333333333,9.799999999999913e-07,5.3355555555553483e-08,2.464199999999999e-06,3.5911999999999924e-06,1.760222222222175e-07,2.222222222222227e-07,4.50000000000012e-08,2.800555555555552e-06,0.0,0.0,4.473996648169496e-09,1.0979581449213428e-08,6.762267711875079e-08,1.766833715806072e-06,0.0,1.963555555555773e-07,1.467755555555638e-06,1.35200000000001e-07,6.904163395605356e-08,6.904163395604497e-08,5.504607217665209e-06,0.0001032250606601,5.825422222222221e-06,1.5605422222222216e-05
2023-03-20 23:08:03.435904,3,True,Adult Dataset,FairMask Bias Mitigation,DecisionTreeClassifier,NaiveBayes,"['race', 'sex']",0.04452,0.0605833333333333,0.07933,0.1089666666666666,0.1014666666666666,0.07574,0.76031,0.5517633333333333,0.0,0.0,0.022238475880248,0.0094119319813486,0.5654772579765918,0.4393926305150897,0.8179026562260096,0.6463166666666668,0.5412699999999999,0.5891466666666666,0.0254833689300545,0.0254833689300545,0.844910098689878,0.1697464961592224,0.1415133333333333,0.0833466666666666,1.697266666666668e-06,1.61762222222222e-06,4.418066666666664e-06,1.1170688888888884e-05,5.324222222222229e-07,5.040000000000256e-08,8.628666666666718e-05,2.669488888888896e-06,0.0,0.0,2.5514429259811905e-08,7.752846253093434e-10,2.773911032401259e-05,1.1069684254882311e-06,1.571616517680167e-08,1.708222222222158e-07,8.820000000000546e-08,4.5355555555558944e-08,3.37288599040399e-08,3.3728859904035725e-08,0.0001123041089959,1.4313991921465958e-06,1.4942222222221762e-07,3.0428888888888894e-07
2023-03-20 23:08:01.244216,3,True,Compas Dataset,FairMask Bias Mitigation,DecisionTreeClassifier,MLPClassifier,"['sex', 'race']",0.08334,0.11122,0.0568933333333333,0.0610333333333333,0.1120833333333333,0.1290766666666666,0.1677766666666666,0.2410599999999999,0.0,0.0,0.0178677420016152,0.0285326317247377,0.1836845395440927,0.2159283493658593,0.6722338204592901,0.6853899999999999,0.7308500000000001,0.7073933333333334,0.0354889911987379,0.0354889911987379,0.3335753161036396,0.5411149218595749,0.0931,0.1837566666666666,3.3917066666666654e-05,2.6054466666666656e-05,1.3659022222222222e-05,6.568168888888887e-05,2.873208888888892e-05,3.134175555555557e-05,4.343375555555559e-05,0.0001134284666666,0.0,0.0,7.298297646799282e-07,1.5307029939633526e-06,6.271132129760791e-05,7.360640808149928e-05,2.9056126266303382e-06,1.844266666666725e-06,5.848199999999927e-06,2.9048222222221145e-06,4.851662699771923e-06,4.85166269977198e-06,2.568860731465597e-05,2.8548513387559544e-05,0.0001302804666666,6.78195555555552e-06
2023-03-20 23:07:53.208075,3,True,Adult Dataset,FairMask Bias Mitigation,DecisionTreeClassifier,MLPClassifier,"['race', 'sex']",0.04504,0.0654933333333333,0.0863833333333333,0.12695,0.0972566666666666,0.0715866666666666,0.6409766666666666,0.45809,0.0,0.0,0.0213160784298564,0.00889559309063,0.495260253145864,0.377115735484224,0.8092021086033062,0.6159100000000001,0.55527,0.5840066666666667,0.0246463495469858,0.0246463495469858,0.6881872660740423,0.1603076642410588,0.16668,0.0882666666666666,5.016666666666674e-07,7.43162222222221e-06,7.506022222222226e-06,2.993646666666672e-05,2.0321555555555567e-06,1.1869555555555637e-06,0.0001754460222222,4.771619999999998e-05,0.0,0.0,9.767504737071769e-08,1.839361097974766e-08,6.530061446263893e-05,2.2401586896118816e-05,2.724135297312289e-07,7.14666666666616e-08,2.737006666666673e-05,8.662955555555486e-06,4.5325037253016887e-08,4.5325037253016887e-08,6.973359068954787e-05,8.558351888815013e-06,0.0001814672666666,3.62176888888889e-05
2023-03-20 23:07:36.486881,3,True,Compas Dataset,FairMask Bias Mitigation,DecisionTreeClassifier,KNearestNeighbours,"['sex', 'race']",0.12103,0.1302033333333333,0.0792533333333333,0.0895466666666666,0.14456,0.1480133333333333,0.21422,0.2901133333333333,0.0,0.0,0.0230452208564228,0.0327191352509408,0.2410807247892196,0.2547283365494353,0.662491301322199,0.6829900000000001,0.7043233333333333,0.69349,0.0454449114409627,0.0454449114409627,0.3708818198161743,0.5250647138127812,0.1439533333333333,0.1949133333333333,6.727999999999935e-07,9.614222222222466e-07,6.123555555555517e-07,8.888888888888905e-07,6.727999999999935e-07,9.614222222222207e-07,1.4791999999999991e-06,6.148355555555525e-06,0.0,0.0,1.70511027424332e-08,4.6835707855630304e-08,2.3888483780025863e-06,3.687106603012715e-06,0.0,4.4999999999990086e-08,3.6408888888885924e-07,3.380000000000024e-08,8.72627642905339e-08,8.726276429051845e-08,6.287439738840792e-06,5.186190729955052e-06,1.4563555555555632e-06,1.4224222222222272e-06
2023-03-20 23:07:35.083943,3,True,Adult Dataset,FairMask Bias Mitigation,DecisionTreeClassifier,KNearestNeighbours,"['race', 'sex']",0.0368566666666666,0.0580233333333333,0.0637033333333333,0.10704,0.0990166666666666,0.07254,0.7084666666666667,0.5014533333333334,0.0,0.0,0.0217022638986633,0.0090143444347059,0.5355885051844609,0.4064343921196547,0.8146783356364194,0.6352133333333333,0.54424,0.58622,0.0249181449075534,0.0249181449075534,0.765252422850191,0.1629286547906128,0.1415133333333333,0.0803099999999999,1.188022222222219e-06,6.568888888888957e-08,3.062422222222231e-06,3.26666666666666e-07,3.313555555555596e-07,6.480000000000308e-08,5.044335555555571e-05,3.091755555555574e-06,0.0,0.0,1.6139774142822862e-08,9.967945182548703e-10,1.729643183935908e-05,1.3671579605765016e-06,1.1001315623762305e-07,8.149555555556061e-07,2.7306666666669177e-07,3.974000000000192e-07,1.2534539709861325e-08,1.2534539709864054e-08,2.403748284887785e-07,2.6305516909732803e-08,1.4942222222221762e-07,2.0000000000003002e-10
2023-03-20 23:07:24.488425,3,True,Compas Dataset,FairMask Bias Mitigation,DecisionTreeClassifier,DecisionTreeClassifier,"['sex', 'race']",0.09619,0.10753,0.05586,0.06213,0.11959,0.12438,0.1800199999999999,0.23578,0.0,0.0,0.0190646929808631,0.0274943594794885,0.1984721294295955,0.2117059194223127,0.6604036186499652,0.67809,0.71117,0.6942400000000001,0.0362915859753826,0.0362915859753826,0.3301566985285576,0.5028039605043731,0.09884,0.18094,0.0,0.0,0.0,0.0,1.9259299443872363e-34,0.0,7.703719777548943e-34,0.0,0.0,0.0,0.0,0.0,7.703719777548943e-34,0.0,0.0,0.0,0.0,1.232595164407831e-32,0.0,0.0,0.0,0.0,0.0,0.0
2023-03-20 23:07:23.791566,3,True,Adult Dataset,FairMask Bias Mitigation,DecisionTreeClassifier,DecisionTreeClassifier,"['race', 'sex']",0.0442033333333333,0.06217,0.0775633333333333,0.1109966666666666,0.10157,0.07669,0.7138233333333334,0.5275733333333333,0.0,0.0,0.0222615314945624,0.0095296382004403,0.5387203285906987,0.4236731388767979,0.812170530733405,0.6265466666666667,0.54785,0.5845600000000001,0.0256708549225312,0.0256708549225311,0.7942112310001952,0.1712030755415585,0.1478,0.08647,1.8556222222222227e-06,2.402e-07,9.186022222222226e-06,7.622222222222247e-07,3.778666666666712e-07,3.925999999999969e-07,4.250168888888888e-05,3.772108888888869e-05,0.0,0.0,1.8107104344130585e-08,6.111194693590857e-09,1.451911058978334e-05,1.6112605048098145e-05,1.938327038472395e-07,1.16595555555563e-06,6.300666666666472e-07,8.490666666666835e-07,1.7563884941295962e-08,1.7563884941297233e-08,0.0001134649669212,2.354330816676908e-06,1.793066666666642e-06,7.632666666666688e-07
2023-03-20 23:05:24.427525,10,True,Compas Dataset,FairMask Bias Mitigation,DecisionTreeClassifier,RandomForestClassifier,"['sex', 'race']",0.009564,0.121055,0.0150899999999999,0.077104,0.0449769999999999,0.132815,0.077595,0.2674930000000001,0.0,0.0,0.0069404916006003,0.0301330915863628,0.0807922806731424,0.2370237246014411,0.6480167014613779,0.6905120000000001,0.6707339999999999,0.680477,0.0314024084623062,0.0314024084623062,0.267615832079846,0.3402494496502064,0.100699,0.130384,2.0535404e-05,8.578384999999981e-06,2.635082e-05,3.010142400000002e-05,1.619344099999999e-05,9.608944999999982e-06,3.8115125000000006e-05,5.534496099999984e-05,0.0,0.0,3.855757740025069e-07,4.945684172667179e-07,4.507290155691912e-05,3.436198864326703e-05,2.1114118420180462e-06,1.145675999999979e-06,1.1524223999999966e-05,3.649701000000031e-06,2.776745013219419e-07,2.7767450132195176e-07,2.296701315342348e-05,5.269452922252991e-05,2.6616768999999977e-05,4.225626400000003e-05
2023-03-20 23:05:13.653871,10,True,Adult Dataset,FairMask Bias Mitigation,DecisionTreeClassifier,RandomForestClassifier,"['race', 'sex']",0.032411,0.033808,0.05319,0.037286,0.105339,0.079987,0.731836,0.5486629999999999,0.0,0.0,0.0233927991375785,0.009886890994965,0.5491535749850269,0.4373685294459116,0.8230462152617841,0.6453119999999999,0.5779219999999999,0.609758,0.0259285065202479,0.0259285065202479,0.9668536136536688,0.1955664712640299,0.0893639999999999,0.065754,4.837048999999997e-06,5.042675999999998e-06,1.665122000000001e-05,1.6151164000000004e-05,1.4434889999999995e-06,1.1964009999999997e-06,0.000171858144,0.000110656721,0.0,0.0,7.126911886225911e-08,1.8301308371203863e-08,5.7590722110329874e-05,4.65054673724677e-05,3.170736324419541e-07,2.163836000000014e-06,1.8309360000000064e-06,1.3986359999999714e-06,5.7185683786434657e-08,5.71856837864404e-08,0.0002783992129813,4.234770349073807e-06,0.000265779044,6.966104400000001e-05
2023-03-20 23:04:31.847896,10,True,Compas Dataset,FairMask Bias Mitigation,DecisionTreeClassifier,GradientBoostingClassifier,"['sex', 'race']",0.020121,0.131158,0.016483,0.080758,0.051205,0.1416029999999999,0.087611,0.286894,0.0,0.0,0.0079014745499811,0.0321269713976335,0.091698059802544,0.2522268249224227,0.6461377870563674,0.68876,0.669116,0.6787940000000001,0.0342234677615014,0.0342234677615015,0.2892498987324917,0.3692960646943152,0.098606,0.1396359999999999,2.9828490000000008e-06,2.430056000000009e-06,1.8273381e-05,4.275796e-06,6.1292049999999975e-06,2.4941409999999903e-06,1.4547129000000011e-05,1.6949644000000056e-05,0.0,0.0,1.4593537957457806e-07,1.2861165300290744e-07,1.7509224074933644e-05,1.0245160427418748e-05,2.1792094699726374e-07,8.73200000000039e-08,2.4949239999999867e-06,6.085039999999512e-07,1.1401237901268077e-07,1.1401237901267053e-07,1.30659671633431e-05,1.1092453978041474e-05,3.739983999999992e-06,3.0108840000000057e-06
2023-03-20 23:04:24.062389,10,True,Adult Dataset,FairMask Bias Mitigation,DecisionTreeClassifier,GradientBoostingClassifier,"['race', 'sex']",0.031071,0.037611,0.0553069999999999,0.046088,0.100983,0.0799859999999999,0.681189,0.543477,0.0,0.0,0.0224248664560119,0.0098869405008853,0.5194943326671011,0.4340283719827147,0.8208045447566406,0.639179,0.5761240000000001,0.606016,0.0247962283278109,0.0247962283278109,0.9770112517495264,0.1961676075623756,0.136077,0.087785,1.0852690000000002e-06,2.955309e-06,4.0343009999999965e-06,1.2996815999999998e-05,4.597010000000017e-07,4.4892399999999394e-07,4.127782900000006e-05,3.960982099999976e-05,0.0,0.0,2.275017659674869e-08,6.845085964737771e-09,1.457806219246027e-05,1.665188586615761e-05,4.927017782927237e-08,3.730289999999778e-07,4.259840000000108e-07,2.2296399999999705e-07,2.3667861947755524e-08,2.3667861947752384e-08,7.539953466895043e-05,1.6668543720352812e-06,4.282410000000056e-07,5.628250000000021e-07
2023-03-20 23:03:57.033113,10,True,Compas Dataset,FairMask Bias Mitigation,DecisionTreeClassifier,NaiveBayes,"['sex', 'race']",0.014863,0.130782,0.0262699999999999,0.0955689999999999,0.044312,0.143484,0.0766329999999999,0.291468,0.0,0.0,0.0068378750480031,0.0325536606118542,0.0797359130337365,0.2557709292319173,0.6449547668754348,0.6878850000000001,0.6674969999999999,0.6775370000000001,0.0336077684459185,0.0336077684459185,0.2897756484911736,0.3711702746171497,0.1155419999999999,0.138048,1.5077409999999996e-06,3.390516e-06,9.554940000000003e-06,7.730669000000007e-06,3.455495999999994e-06,3.6413239999999848e-06,8.246461000000001e-06,2.457295599999996e-05,0.0,0.0,8.22781476099755e-08,1.873069058792964e-07,9.688065560295236e-06,1.4704424622749284e-05,1.2397280540288483e-06,4.09385000000018e-07,5.885120999999986e-06,2.109280999999937e-06,7.6695816776013e-08,7.66958167760228e-08,5.525716766887087e-06,4.460465827775038e-06,3.743315999999997e-06,1.1784760000000036e-06
2023-03-20 23:03:55.022302,10,True,Adult Dataset,FairMask Bias Mitigation,DecisionTreeClassifier,NaiveBayes,"['race', 'sex']",0.034447,0.030583,0.064256,0.035189,0.099702,0.075161,0.743305,0.5512659999999999,0.0,0.0,0.0221400376796631,0.009290160776134,0.5557756321449306,0.4390660987545315,0.8270228773222785,0.6650590000000001,0.5578329999999999,0.606742,0.0242497395458171,0.0242497395458171,1.0184633884123797,0.1856337010364849,0.150076,0.091298,2.808810000000006e-07,1.8258410000000004e-06,5.201640000000018e-07,7.972208999999994e-06,4.041560000000032e-07,2.648089999999999e-07,4.605384500000006e-05,3.14132840000002e-05,0.0,0.0,2.0002659700174988e-08,4.045564042409716e-09,1.5161945684206245e-05,1.3102594672524223e-05,1.9802368122769418e-08,1.0476900000000305e-07,3.67241000000015e-07,1.809560000000062e-07,1.6210363425586428e-08,1.621036342558659e-08,8.007377557613876e-05,1.1517212294491707e-06,4.868639999999956e-07,3.902760000000002e-07
2023-03-20 23:03:48.014927,10,True,Compas Dataset,FairMask Bias Mitigation,DecisionTreeClassifier,MLPClassifier,"['sex', 'race']",0.0186309999999999,0.131293,0.0180709999999999,0.08806,0.049256,0.142671,0.085071,0.291694,0.0,0.0,0.0076006952162478,0.0323694931982029,0.0889140872332071,0.2558998085804104,0.6441892832289493,0.688322,0.6638839999999999,0.6758689999999999,0.0346992618291122,0.0346992618291122,0.2977391032145232,0.3755560482836234,0.111212,0.1424789999999999,4.563928999999999e-06,2.553344099999996e-05,1.4409108999999995e-05,7.026680000000002e-05,5.243104e-06,2.9029528999999976e-05,1.1182569000000016e-05,0.0001800098639999,0.0,0.0,1.2485404614989576e-07,1.4941766201353723e-06,1.3366043097902777e-05,0.0001085565035554,3.685285348109272e-06,1.9338360000000218e-06,3.3023823999999966e-05,8.666569000000103e-06,1.3302149385035316e-06,1.3302149385035437e-06,0.000191313461701,0.0002033110938857,0.0001021795359999,4.327140900000001e-05
2023-03-20 23:03:22.853032,10,True,Adult Dataset,FairMask Bias Mitigation,DecisionTreeClassifier,MLPClassifier,"['race', 'sex']",0.0317869999999999,0.0308339999999999,0.059323,0.030901,0.099461,0.0788899999999999,0.6676629999999999,0.536729,0.0,0.0,0.0220869744053684,0.0097513225683416,0.5110614076015199,0.4286430471160994,0.8206663595885153,0.6390210000000001,0.576315,0.60585,0.0246459000646618,0.0246459000646618,0.9264173064291938,0.1902200295138661,0.081909,0.0598729999999999,4.3347209999999984e-06,3.1487323999999985e-05,1.2381040999999993e-05,6.586808900000001e-05,3.389869000000005e-06,1.2061319999999994e-05,0.002085519661,0.005128718729,0.0,0.0,1.671739574682626e-07,1.8438642941951386e-07,0.0007134142456399,0.0019585540338776,2.522444510876678e-06,8.183902900000022e-05,0.000172374725,1.7287320000000113e-05,3.657595411487706e-07,3.657595411487806e-07,0.0033059787675524,5.263928665842929e-06,9.723822899999996e-05,3.547428100000001e-05
2023-03-20 23:02:29.272696,10,True,Compas Dataset,FairMask Bias Mitigation,DecisionTreeClassifier,KNearestNeighbours,"['sex', 'race']",0.013328,0.123231,0.031134,0.119422,0.0604539999999999,0.140854,0.101238,0.282201,0.0,0.0,0.0093286630453048,0.0319568962052215,0.1067402571061934,0.2485723404713664,0.6450243562978428,0.685922,0.672851,0.679323,0.036306646734164,0.036306646734164,0.2982614745610033,0.3882277102929332,0.144893,0.1427939999999999,1.1396760000000005e-06,1.607929e-06,6.628164000000002e-06,3.214456000000001e-06,2.2010040000000007e-06,1.605983999999985e-06,4.888116000000017e-06,1.0620309000000036e-05,0.0,0.0,5.2405290386643374e-08,8.266697554031977e-08,6.04324291082697e-06,6.453824960032772e-06,7.215604689465024e-07,6.279359999999954e-07,1.256148999999989e-06,6.904009999999984e-07,4.708220553312998e-08,4.7082205533135335e-08,4.985569558887553e-06,4.2701777097e-06,2.735841000000005e-06,1.1567639999999828e-06
2023-03-20 23:02:24.639315,10,True,Adult Dataset,FairMask Bias Mitigation,DecisionTreeClassifier,KNearestNeighbours,"['race', 'sex']",0.048885,0.047548,0.079931,0.072532,0.1082289999999999,0.075864,0.9230540000000002,0.6091589999999999,0.0,0.0,0.024033723998695,0.0093772770513255,0.6539091950873972,0.47569681348672,0.8239981575310915,0.6668320000000001,0.528112,0.5894199999999999,0.0263261522167018,0.0263261522167018,1.1037897627833757,0.1861486783216425,0.159385,0.099533,7.377249999999986e-07,1.768556000000001e-06,2.883808999999994e-06,4.908616e-06,2.121289999999986e-07,5.619239999999981e-07,4.330800399999992e-05,7.8134629e-05,0.0,0.0,1.0501988514065248e-08,8.607098022505553e-09,1.1743977725044463e-05,3.055113271669726e-05,7.567333532629373e-08,5.569559999999688e-07,7.208960000000293e-07,5.126599999999814e-07,1.9760538679704483e-08,1.976053867970877e-08,9.902870063636392e-05,1.1716558008047843e-06,1.0139050000000083e-06,5.142009999999988e-07
2023-03-20 23:01:50.398817,10,True,Compas Dataset,FairMask Bias Mitigation,DecisionTreeClassifier,DecisionTreeClassifier,"['sex', 'race']",0.011153,0.129041,0.003452,0.08959,0.048304,0.140911,0.08281,0.2846209999999999,0.0,0.0,0.0074538649248487,0.0319694871932702,0.0864515297073967,0.2504605550686171,0.643910925539318,0.6862769999999999,0.668244,0.677142,0.0327408789187634,0.0327408789187634,0.2769048902208314,0.3544561886722669,0.11174,0.13945,4.342081e-06,1.616488999999995e-06,1.0284256e-05,9.600000000000016e-07,5.915084000000006e-06,1.4675290000000052e-06,1.5909400000000004e-05,9.940209000000005e-06,0.0,0.0,1.4082414262372224e-07,7.563148826029466e-08,1.882872329508505e-05,6.003525303984754e-06,5.859652130370805e-07,8.030009999999946e-07,3.6902400000001123e-07,3.380159999999898e-07,3.087736275620551e-07,3.0877362756206666e-07,1.3513955622910564e-05,1.1811298117803512e-05,3.744119999999991e-06,3.0275999999999903e-06
2023-03-20 23:01:48.252652,10,True,Adult Dataset,FairMask Bias Mitigation,DecisionTreeClassifier,DecisionTreeClassifier,"['race', 'sex']",0.032191,0.0305,0.052963,0.0320829999999999,0.10364,0.077148,0.728129,0.5303000000000001,0.0,0.0,0.0230153353546364,0.0095358704457411,0.5470332312039099,0.425456957603718,0.8215261784124059,0.643605,0.568999,0.604006,0.0253896534371052,0.0253896534371052,0.9500331725344614,0.1903646041482499,0.0957779999999999,0.06772,1.0808890000000006e-06,1.9832800000000004e-06,4.411580999999995e-06,8.631961000000005e-06,2.476799999999979e-07,4.047360000000001e-07,3.6544488999999856e-05,3.2391519999999964e-05,0.0,0.0,1.2156360932029569e-08,6.169030566664255e-09,1.221062532594132e-05,1.3907710961272875e-05,4.8091465441015846e-08,5.793049999999933e-07,1.088649000000032e-06,2.669839999999923e-07,1.306727757377375e-08,1.3067277573775865e-08,0.0001197804742527,1.6819746334827363e-06,1.6050959999999945e-06,7.593199999999978e-07
2023-03-20 22:56:12.922474,20,True,Compas Dataset,FairMask Bias Mitigation,KNearestNeighbours,MLPClassifier,"['sex', 'race']",0.0320825,0.130895,0.030775,0.1323869999999999,0.0436355,0.14325,0.0806895,0.3149659999999999,0.0,0.0,0.0069743419877005,0.0327387723496091,0.0841791998288715,0.2736568727168981,0.5792275574112734,0.627603,0.5768995000000002,0.6011525,0.0314863806672158,0.0314863806672158,0.3071738427686784,0.342256903520442,0.158019,0.152325,1.9284448750000003e-05,0.0001239740849999,6.0359025e-05,0.0001185074809999,2.6615774750000003e-05,0.00012204376,8.038477474999999e-05,0.0005356890139999,0.0,0.0,6.803241295298784e-07,6.374605064709415e-06,9.501391042832876e-05,0.0003098467303773,1.870609195585985e-05,1.0241791000000106e-05,9.869100474999998e-05,4.333384875000015e-05,3.4202689430660493e-06,3.420268943066092e-06,0.0002720260798035,0.0007704330586365,0.000143303349,0.000180869445
2023-03-20 22:55:19.663894,20,True,Adult Dataset,FairMask Bias Mitigation,KNearestNeighbours,MLPClassifier,"['race', 'sex']",0.0598804999999999,0.02175,0.0849514999999999,0.0077194999999999,0.1415439999999999,0.086361,0.9323675,0.4998269999999999,0.0,0.0,0.0311362087267669,0.0104948213389093,0.6587254410121138,0.4052149197252683,0.8092046675879011,0.614143,0.6139459999999999,0.6140195000000002,0.0337930665261264,0.0337930665261264,0.9317968386783212,0.2348991525084134,0.0857059999999999,0.0691174999999999,2.730854750000002e-06,4.281969999999999e-06,8.758342750000002e-06,4.82249475e-06,2.3285139999999854e-06,3.785199000000003e-06,0.00015194544875,0.0006298545609999,0.0,0.0,1.127897211166348e-07,5.5885731246094926e-08,4.092597094969242e-05,0.0002651268581663,3.801936808332913e-07,6.200510999999995e-06,2.895046399999989e-05,3.358894750000026e-06,8.124915626472413e-08,8.124915626472217e-08,0.0006610177284726,7.505056827447748e-06,6.8449539999999895e-06,6.120438749999993e-06
2023-03-20 22:53:10.954756,20,True,Compas Dataset,FairMask Bias Mitigation,KNearestNeighbours,KNearestNeighbours,"['sex', 'race']",0.02067,0.1107999999999999,0.03666,0.08474,0.03659,0.12034,0.06775,0.2569999999999999,0.0,0.0,0.0058485139486355,0.0275021077798262,0.070157644943926,0.2287248335373589,0.5866388308977035,0.6335099999999999,0.5886099999999999,0.6102399999999999,0.0265815128459555,0.0265815128459555,0.2531958963806116,0.2823223399757505,0.1021,0.11762,1.2037062152420224e-35,1.9259299443872363e-34,4.814824860968091e-35,1.9259299443872363e-34,0.0,7.703719777548943e-34,0.0,3.0814879110195774e-33,0.0,0.0,0.0,0.0,1.9259299443872363e-34,0.0,0.0,1.232595164407831e-32,1.232595164407831e-32,1.232595164407831e-32,1.2037062152420224e-35,0.0,3.0814879110195774e-33,0.0,1.9259299443872363e-34,1.9259299443872363e-34
2023-03-20 22:53:00.368750,20,True,Adult Dataset,FairMask Bias Mitigation,KNearestNeighbours,KNearestNeighbours,"['race', 'sex']",0.04833,0.01865,0.05967,0.0036199999999999,0.13675,0.08226,0.91226,0.4800000000000001,0.0,0.0,0.0300826496624674,0.0099959053889056,0.6482850514606545,0.3920394565950545,0.8062336864732075,0.61041,0.5975199999999999,0.60389,0.0325500718790601,0.0325500718790601,0.9082073381956406,0.2246812155327884,0.11404,0.0778799999999999,0.0,0.0,4.3333423748712815e-34,1.88079096131566e-37,7.703719777548943e-34,0.0,1.232595164407831e-32,1.232595164407831e-32,0.0,0.0,4.814824860968091e-35,3.009265538105056e-36,1.232595164407831e-32,3.0814879110195774e-33,0.0,0.0,1.232595164407831e-32,0.0,4.814824860968091e-35,0.0,4.930380657631324e-32,0.0,0.0,1.9259299443872363e-34
2023-03-20 22:51:19.410023,20,True,Compas Dataset,FairMask Bias Mitigation,KNearestNeighbours,DecisionTreeClassifier,"['sex', 'race']",0.02467,0.12795,0.0301,0.12174,0.03832,0.14005,0.07142,0.3068600000000001,0.0,0.0,0.0061255156857076,0.0320077444261875,0.0741018912965643,0.2676266415127681,0.5845511482254698,0.63274,0.5822800000000001,0.60646,0.0309641452244561,0.0309641452244561,0.2892645301121781,0.3168372117724213,0.15167,0.13668,1.2037062152420224e-35,3.0814879110195774e-33,0.0,0.0,4.814824860968091e-35,0.0,1.9259299443872363e-34,3.0814879110195774e-33,0.0,0.0,0.0,4.814824860968091e-35,0.0,0.0,1.232595164407831e-32,0.0,1.232595164407831e-32,0.0,4.814824860968091e-35,1.2037062152420224e-35,3.0814879110195774e-33,0.0,7.703719777548943e-34,7.703719777548943e-34
2023-03-20 22:51:13.342160,20,True,Adult Dataset,FairMask Bias Mitigation,KNearestNeighbours,DecisionTreeClassifier,"['race', 'sex']",0.0581379999999999,0.026057,0.080384,0.0182639999999999,0.1411685,0.086099,0.932949,0.4992619999999999,0.0,0.0,0.0310542717138093,0.0104629135945591,0.6590466747008356,0.40497250452772,0.8084676800245664,0.6129735,0.6109009999999999,0.6119365,0.0338723502574979,0.0338723502574979,0.9096187325627392,0.2312926481922027,0.0820929999999999,0.0667104999999999,1.2279599999999945e-07,1.0953100000000004e-07,4.956640000000024e-07,4.38124e-07,4.8712749999999286e-08,3.069900000000196e-08,2.153838999999958e-06,1.024816000000032e-06,0.0,0.0,2.384504537474495e-09,4.4762748813598925e-10,5.761439229682585e-07,4.53525802949273e-07,2.23365997575312e-08,5.5632749999992746e-08,3.642189999999757e-07,1.751927499999937e-07,3.6950372638159644e-09,3.6950372638177085e-09,6.893286213263207e-07,1.3078533077618774e-07,5.879109999999998e-07,1.47414750000001e-07
2023-03-20 22:50:31.392942,20,True,Compas Dataset,FairMask Bias Mitigation,DecisionTreeClassifier,SupportVectorClassifier,"['sex', 'race']",0.084946,0.1387549999999999,0.14156,0.13829,0.114762,0.1588645,0.166764,0.2941135,0.0,0.0,0.0183427450968997,0.0363073247104436,0.1824406756545037,0.2578258533106962,0.6375086986778009,0.6570194999999999,0.7126599999999998,0.6837089999999999,0.0437696159119095,0.0437696159119095,0.3500667771503827,0.5843206550816509,0.22006,0.179698,5.873154000000007e-06,1.1499250000000024e-06,7.703719777548943e-34,0.0,3.739085999999997e-06,9.128947500000048e-07,5.856393999999985e-06,4.54813275000004e-06,0.0,0.0,9.570825025305128e-08,4.768002495829216e-08,8.418395895841657e-06,2.712533941910144e-06,3.34145452062485e-07,4.048847500000075e-07,1.232595164407831e-32,1.1904899999999829e-07,9.73641295747579e-08,9.73641295747629e-08,2.6930808053720307e-06,2.9978660410264423e-06,0.0,7.361959999999991e-07
2023-03-20 22:49:23.362105,20,True,Adult Dataset,FairMask Bias Mitigation,DecisionTreeClassifier,SupportVectorClassifier,"['race', 'sex']",0.031716,0.033765,0.0490485,0.0303745,0.1216574999999999,0.0919855,0.9267955,0.6853520000000002,0.0,0.0,0.0267618408554868,0.0111781338762199,0.6558435303709697,0.5219638913194966,0.8292108091509289,0.6792110000000001,0.5857439999999999,0.629026,0.0297278277657914,0.0297278277657914,1.1937232223601264,0.2223953445040947,0.135562,0.0907375,1.8156840000000013e-06,2.365949999999995e-07,7.035882750000002e-06,4.829747500000002e-07,5.664287500000008e-07,4.325447499999978e-07,0.00010413764475,5.174395599999988e-05,0.0,0.0,2.7333451865096642e-08,6.3996995509057475e-09,2.806596797489772e-05,1.814877800687072e-05,7.844330943870951e-08,5.330690000000195e-07,4.074539999999984e-07,3.465239999999996e-07,2.40197051782578e-08,2.4019705178261923e-08,1.1863542480820225e-06,1.5146281464893314e-07,4.508459999999959e-07,1.266687500000002e-07
2023-03-20 22:18:45.833393,20,True,Compas Dataset,FairMask Bias Mitigation,DecisionTreeClassifier,RandomForestClassifier,"['sex', 'race']",0.083857,0.1253205,0.137719,0.128268,0.113003,0.1458514999999999,0.1669964999999999,0.2728025,0.0,0.0,0.0180615786483961,0.0333330427720706,0.1827264829213188,0.2412077952199308,0.635490605427975,0.6580015,0.7016469999999998,0.6791229999999999,0.0410773721058282,0.0410773721058282,0.3363282826289436,0.533913459806866,0.210284,0.1657825,6.843301000000003e-06,1.005136475e-05,2.1648328999999973e-05,1.9165705999999995e-05,7.525160999999998e-06,1.0519032750000022e-05,1.4000852750000025e-05,4.150523875000008e-05,0.0,0.0,1.923411558380021e-07,5.491062060608637e-07,2.019188033732936e-05,2.573336515674776e-05,1.917704333575929e-06,1.4642627499999925e-06,4.82491099999998e-06,1.9202610000000487e-06,7.684904148090926e-07,7.684904148090836e-07,1.908978382211485e-05,2.0419201800246444e-05,4.498389400000008e-05,4.9287387499999925e-06
2023-03-20 22:18:16.508426,20,True,Adult Dataset,FairMask Bias Mitigation,DecisionTreeClassifier,RandomForestClassifier,"['race', 'sex']",0.034915,0.0326785,0.051636,0.028441,0.124816,0.091321,0.988777,0.692576,0.0,0.0,0.0274565715797025,0.0110974427622568,0.6874905693034534,0.5262000664697133,0.8301627514202365,0.6839500000000001,0.5818029999999998,0.6287535,0.0302134560910422,0.0302134560910422,1.2503145126830175,0.2249772474777109,0.1318965,0.0909025,5.327725000000002e-06,9.023122750000004e-06,2.1419064e-05,3.069125899999999e-05,1.234344000000001e-06,1.9515090000000024e-06,0.0002338954709999,0.000294332504,0.0,0.0,5.969555703868561e-08,2.8829070878516512e-08,5.863392455019052e-05,0.0001028930634816,1.79812574829087e-07,2.0797400000000364e-06,7.766209999999867e-07,4.4750275000000294e-07,5.677240434451002e-08,5.6772404344510624e-08,7.276590320101357e-06,9.091733096859328e-07,8.050327499999961e-07,5.170687499999989e-07
2023-03-20 22:16:18.758564,20,True,Compas Dataset,FairMask Bias Mitigation,DecisionTreeClassifier,GradientBoostingClassifier,"['sex', 'race']",0.0864679999999999,0.136747,0.140231,0.136871,0.1156275,0.1568345,0.1688305,0.2921289999999999,0.0,0.0,0.0184808101235418,0.035842959385831,0.1849251545239243,0.2562896350824076,0.6363604732080722,0.6571109999999999,0.707971,0.6815960000000001,0.0438106334768221,0.0438106334768221,0.3463455783508401,0.5618986987684991,0.2252299999999999,0.177342,4.623325999999997e-06,2.5398810000000023e-06,5.579490000000138e-07,2.245508999999993e-06,2.8459687499999994e-06,2.344514749999985e-06,4.334704749999997e-06,1.0537308999999976e-05,0.0,0.0,7.247954540075233e-08,1.225267022673401e-07,6.270021418941236e-06,6.303756938380663e-06,4.104177835115313e-07,4.701589999999926e-07,3.387089999999964e-07,2.1497399999999685e-07,1.7109879183530797e-07,1.7109879183529828e-07,3.7377305975444217e-06,4.026605474989151e-06,7.703719777548943e-34,1.0055359999999878e-06
2023-03-20 22:15:57.346689,20,True,Adult Dataset,FairMask Bias Mitigation,DecisionTreeClassifier,GradientBoostingClassifier,"['race', 'sex']",0.032855,0.0372085,0.048951,0.0348359999999999,0.1228355,0.0943084999999999,0.9450440000000002,0.7159805000000001,0.0,0.0,0.0270210338161032,0.0114606335168895,0.6652787165086189,0.5399755663946026,0.8281437125748503,0.6771235000000001,0.582579,0.6263034999999999,0.0299931653540879,0.0299931653540878,1.258065231722936,0.2277304951809653,0.1737575,0.1119715,1.0864050000000004e-06,2.345727499999996e-07,4.270849000000002e-06,4.381240000000001e-07,2.2581475000000085e-07,3.7757274999999977e-07,4.237118400000007e-05,5.496751474999988e-05,0.0,0.0,1.0896487059670528e-08,5.595162691366253e-09,1.1179785281699194e-05,1.8688427406341884e-05,4.7384238008060616e-08,3.346227499999992e-07,3.642189999999885e-07,2.337627499999985e-07,9.110045288114632e-09,9.110045288113433e-09,9.925896665604682e-07,1.2680590990300212e-07,4.290687499999982e-07,1.1000275000000085e-07
2023-03-20 22:14:41.091463,20,True,Compas Dataset,FairMask Bias Mitigation,DecisionTreeClassifier,NaiveBayes,"['sex', 'race']",0.058916,0.1415595,0.1084519999999999,0.144259,0.085124,0.159558,0.137202,0.321788,0.0,0.0,0.0136053616301261,0.0364656079582792,0.1475798011590375,0.2789819611472522,0.617536534446764,0.6514615,0.6544299999999998,0.652944,0.0402358098354018,0.0402358098354018,0.3444903845697457,0.4682979310349139,0.183084,0.167742,4.5567039999999975e-06,1.8157447500000027e-06,1.1313876e-05,5.965869000000003e-06,4.346423999999994e-06,1.961625999999991e-06,8.880386000000031e-06,1.074896599999999e-05,0.0,0.0,1.1096547070161129e-07,1.023294804202484e-07,1.1915480432868009e-05,6.148233024540495e-06,1.0847620472752678e-06,1.5104627499999834e-06,1.232595164407831e-32,3.806639999999989e-07,9.179695318040028e-08,9.179695318040441e-08,4.0669588647906026e-05,0.0001492625176809,1.3978439999999989e-06,1.025383600000002e-05
2023-03-20 22:14:35.679714,20,True,Adult Dataset,FairMask Bias Mitigation,DecisionTreeClassifier,NaiveBayes,"['race', 'sex']",0.0280095,0.030519,0.0434089999999999,0.022454,0.119135,0.0917369999999999,0.888295,0.6766485,0.0,0.0,0.0262066661419039,0.0111481391820759,0.6356704293772484,0.5167980811191033,0.8280669430370029,0.6755880000000001,0.5857435,0.627466,0.0290722314715783,0.0290722314715783,1.1938707877367842,0.222448022300836,0.1339044999999999,0.0903435,1.343794749999999e-06,7.673899999999993e-08,5.141869000000007e-06,2.0692400000000009e-07,1.6930499999999973e-07,5.6041000000000495e-08,2.8576934999999963e-05,3.11507275000008e-06,0.0,0.0,8.192668849442552e-09,8.45649819275078e-10,8.003928504531033e-06,1.1078745533667895e-06,3.2060976960676424e-08,2.640160000000021e-07,1.7498274999999377e-07,1.2211400000000088e-07,7.87752710557025e-09,7.877527105570818e-09,9.174618297451892e-07,1.1725338778021569e-07,1.544647499999942e-07,6.249274999999866e-08
2023-03-20 22:14:15.698827,20,True,Compas Dataset,FairMask Bias Mitigation,DecisionTreeClassifier,MLPClassifier,"['sex', 'race']",0.087112,0.1361389999999999,0.1370124999999999,0.1347114999999999,0.1155844999999999,0.156053,0.168708,0.2904425,0.0,0.0,0.0184739092935535,0.0356647726915028,0.1847918607149506,0.2549379214209672,0.6367084203201114,0.6573479999999999,0.70848,0.6819560000000001,0.0435383049333912,0.0435383049333912,0.3465810367629062,0.5657609135017971,0.221405,0.1794364999999999,1.5939436000000004e-05,3.910856899999998e-05,2.030220875000001e-05,4.748543275e-05,1.4365224749999994e-05,4.029327100000002e-05,2.2921706e-05,0.0001567182087499,0.0,0.0,3.670356837938552e-07,2.104404212336116e-06,3.321207859450039e-05,9.412691983783397e-05,2.880188516147209e-06,1.5210860000000472e-06,6.589209999999983e-06,3.109213999999972e-06,1.1924448768701554e-06,1.192444876870151e-06,0.0002861651861145,0.0017747859688422,1.6877214999999976e-05,0.0001343169727499
2023-03-20 22:13:03.127660,20,True,Adult Dataset,FairMask Bias Mitigation,DecisionTreeClassifier,MLPClassifier,"['race', 'sex']",0.0298955,0.0328339999999999,0.046029,0.0267305,0.1198574999999999,0.0924049999999999,0.9094065,0.6963765,0.0,0.0,0.0263659844444383,0.0112292381305253,0.6466280868053166,0.527803073633694,0.827890373099954,0.6766945,0.5820504999999999,0.6257065,0.0294603331338244,0.0294603331338244,1.1840662105255386,0.2202878704461999,0.1314355,0.088488,2.59307475e-06,1.9948674e-05,1.2799539000000002e-05,5.892294475000001e-05,2.4727987499999955e-06,5.587875000000011e-06,0.0012359584227499,0.00436493435275,0.0,0.0,1.1964124748835012e-07,8.254624628263088e-08,0.0003240823089914,0.0013182047635216,1.6159557486852345e-06,4.846584475000005e-05,9.889104474999996e-05,1.674135275000001e-05,1.3447227929760346e-07,1.3447227929759872e-07,0.0046588984932104,3.388796900639657e-06,9.080030475e-05,1.1802416e-05
2023-03-20 22:10:16.278516,20,True,Compas Dataset,FairMask Bias Mitigation,DecisionTreeClassifier,KNearestNeighbours,"['sex', 'race']",0.0746315,0.1166665,0.1367594999999999,0.1033444999999999,0.1041749999999999,0.1335394999999999,0.1598855,0.2563225,0.0,0.0,0.0166508552912901,0.030518860089425,0.1742204835822545,0.2281836325489113,0.6257480862908837,0.6544395000000001,0.6763945,0.6652345000000001,0.038156020744137,0.038156020744137,0.3124208960072727,0.4478095775301486,0.20981,0.1465,1.811002749999996e-06,3.61267275000001e-06,6.04444750000015e-07,2.432634749999992e-06,1.627335000000002e-06,3.382924749999986e-06,3.830454750000015e-06,1.626783875e-05,0.0,0.0,4.15312670434145e-08,1.768434571576069e-07,5.431050921849326e-06,1.0287569159036084e-05,8.523130371448667e-07,1.087764749999987e-06,3.669347499999962e-07,3.877547499999945e-07,2.208660840533756e-07,2.208660840533684e-07,1.129123209753234e-05,1.0875632719749685e-05,0.0,2.872959999999982e-06
2023-03-20 22:10:03.839647,20,True,Adult Dataset,FairMask Bias Mitigation,DecisionTreeClassifier,KNearestNeighbours,"['race', 'sex']",0.0243205,0.02661,0.0303305,0.020406,0.1161439999999999,0.0834335,0.9753704999999998,0.6640425000000001,0.0,0.0,0.0255489823480511,0.0101392992870746,0.6807495228187618,0.5092434207143693,0.8262782128051589,0.686229,0.5476409999999999,0.609154,0.0279948765615846,0.0279948765615847,1.2179680964840094,0.2052573179475667,0.1359879999999999,0.0894645,1.7103047500000005e-06,1.3873999999999993e-07,9.887664749999994e-06,2.82064e-07,2.5572400000000044e-07,2.434627500000007e-07,5.199187475000026e-05,3.337352874999995e-05,0.0,0.0,1.2364927365878489e-08,3.588025076967554e-09,1.3303944733280383e-05,1.197962121223731e-05,5.062569707576722e-08,4.897190000000164e-07,2.383490000000139e-07,2.0424400000000457e-07,1.2539975531053597e-08,1.2539975531052976e-08,1.725929463498117e-06,1.806903086511384e-07,1.4896000000000265e-08,9.84747500000004e-08
2023-03-20 22:08:23.432439,20,True,Compas Dataset,FairMask Bias Mitigation,DecisionTreeClassifier,DecisionTreeClassifier,"['sex', 'race']",0.0781279999999999,0.1392085,0.1387459999999999,0.1320409999999999,0.107705,0.157208,0.15852,0.2923905,0.0,0.0,0.0172145441408563,0.0359283843970539,0.172591477518882,0.2564906567083043,0.6304105775922061,0.651847,0.7034189999999999,0.676651,0.0434028307446745,0.0434028307446746,0.3311622430822966,0.5285492794646232,0.215697,0.1630855,1.2383860000000044e-06,1.8020627499999884e-06,5.511240000000069e-07,8.998289999999899e-07,1.0975050000000034e-06,1.683735999999985e-06,2.3756800000000125e-06,9.728074749999988e-06,0.0,0.0,2.8009459168815225e-08,8.775428948926397e-08,3.3551772769823247e-06,5.814079057878893e-06,8.184142231675062e-07,8.709709999999909e-07,3.387089999999964e-07,4.09379000000003e-07,1.5585411272912053e-07,1.5585411272910822e-07,9.612224407325505e-06,1.0500639676047306e-05,1.4087010000000095e-06,2.587364749999993e-06
2023-03-20 22:08:17.544582,20,True,Adult Dataset,FairMask Bias Mitigation,DecisionTreeClassifier,DecisionTreeClassifier,"['race', 'sex']",0.0270594999999999,0.032801,0.0377025,0.027162,0.1204079999999999,0.091804,0.949576,0.7112995000000001,0.0,0.0,0.0264872268006947,0.0111564844657848,0.6675978864267191,0.5372527145201732,0.8294795025333949,0.6844305,0.5755609999999999,0.625292,0.02945109674355,0.02945109674355,1.2360980556289634,0.2199975364694825,0.1235,0.0860124999999999,3.0855547499999976e-06,1.784590000000001e-07,1.0781428749999998e-05,6.60076e-07,5.659760000000023e-07,8.22040000000003e-08,0.000110491584,4.97042474999996e-06,0.0,0.0,2.749399684892534e-08,1.2235938725822651e-09,2.908394764636587e-05,1.6978744795612986e-06,6.695086365317104e-08,4.206647500000059e-07,5.534590000000051e-07,3.774359999999944e-07,2.5664118398466386e-08,2.566411839846707e-08,1.5640393185761729e-06,1.8796587999325922e-07,6.3461e-07,1.840487500000011e-07
2023-03-20 13:37:10.417299,1,True,Compas Dataset,FairMask Bias Mitigation,SupportVectorClassifier,SupportVectorClassifier,"['sex', 'race']",0.10726,0.15755,0.05784,0.15541,0.1224,0.18854,0.16302,0.32082,0.0,0.0,0.0194617933731693,0.0426141990509301,0.1779502836233212,0.2782525456259017,0.6764091858037579,0.67271,0.79975,0.73075,0.0509295781195747,0.0509295781195746,0.3404821622710425,0.7199841043735514,0.18977,0.20409,0.0,0.0,0.0,0.0,0.0,0.0,0.0,0.0,0.0,0.0,0.0,0.0,0.0,0.0,0.0,0.0,0.0,0.0,0.0,0.0,0.0,0.0,0.0,0.0
2023-03-20 13:37:03.391122,1,True,Adult Dataset,FairMask Bias Mitigation,SupportVectorClassifier,SupportVectorClassifier,"['race', 'sex']",0.0102,0.01652,0.00734,0.02458,0.0603,0.03445,1.16638,0.55115,0.0,0.0,0.0133255085690151,0.0041481010625172,0.7730565489314297,0.4389976099638844,0.7959465684016582,0.71667,0.27061,0.39287,0.0141088336737572,0.0141088336737572,1.219258064406575,0.0885051379275499,0.08132,0.04934,0.0,0.0,0.0,0.0,0.0,0.0,0.0,0.0,0.0,0.0,0.0,0.0,0.0,0.0,0.0,0.0,0.0,0.0,0.0,0.0,0.0,0.0,0.0,0.0
2023-03-20 13:35:21.944345,1,True,Compas Dataset,FairMask Bias Mitigation,SupportVectorClassifier,RandomForestClassifier,"['sex', 'race']",0.10726,0.15755,0.05784,0.15541,0.1224,0.18854,0.16302,0.32082,0.0,0.0,0.0194617933731693,0.0426141990509301,0.1779502836233212,0.2782525456259017,0.6764091858037579,0.67271,0.79975,0.73075,0.0509295781195747,0.0509295781195746,0.3404821622710425,0.7199841043735514,0.18977,0.20409,0.0,0.0,0.0,0.0,0.0,0.0,0.0,0.0,0.0,0.0,0.0,0.0,0.0,0.0,0.0,0.0,0.0,0.0,0.0,0.0,0.0,0.0,0.0,0.0
2023-03-20 13:35:17.955428,1,True,Adult Dataset,FairMask Bias Mitigation,SupportVectorClassifier,RandomForestClassifier,"['race', 'sex']",0.0102,0.01652,0.00734,0.02458,0.0603,0.03445,1.16638,0.55115,0.0,0.0,0.0133255085690151,0.0041481010625172,0.7730565489314297,0.4389976099638844,0.7959465684016582,0.71667,0.27061,0.39287,0.0141088336737572,0.0141088336737572,1.219258064406575,0.0885051379275499,0.08132,0.04934,0.0,0.0,0.0,0.0,0.0,0.0,0.0,0.0,0.0,0.0,0.0,0.0,0.0,0.0,0.0,0.0,0.0,0.0,0.0,0.0,0.0,0.0,0.0,0.0
2023-03-20 13:34:43.404320,1,True,Compas Dataset,FairMask Bias Mitigation,SupportVectorClassifier,GradientBoostingClassifier,"['sex', 'race']",0.10726,0.15755,0.05784,0.15541,0.1224,0.18854,0.16302,0.32082,0.0,0.0,0.0194617933731693,0.0426141990509301,0.1779502836233212,0.2782525456259017,0.6764091858037579,0.67271,0.79975,0.73075,0.0509295781195747,0.0509295781195746,0.3404821622710425,0.7199841043735514,0.18977,0.20409,0.0,0.0,0.0,0.0,0.0,0.0,0.0,0.0,0.0,0.0,0.0,0.0,0.0,0.0,0.0,0.0,0.0,0.0,0.0,0.0,0.0,0.0,0.0,0.0
2023-03-20 13:34:40.147433,1,True,Adult Dataset,FairMask Bias Mitigation,SupportVectorClassifier,GradientBoostingClassifier,"['race', 'sex']",0.0102,0.01652,0.00734,0.02458,0.0603,0.03445,1.16638,0.55115,0.0,0.0,0.0133255085690151,0.0041481010625172,0.7730565489314297,0.4389976099638844,0.7959465684016582,0.71667,0.27061,0.39287,0.0141088336737572,0.0141088336737572,1.219258064406575,0.0885051379275499,0.08132,0.04934,0.0,0.0,0.0,0.0,0.0,0.0,0.0,0.0,0.0,0.0,0.0,0.0,0.0,0.0,0.0,0.0,0.0,0.0,0.0,0.0,0.0,0.0,0.0,0.0
2023-03-20 13:34:08.716862,1,True,Compas Dataset,FairMask Bias Mitigation,SupportVectorClassifier,NaiveBayes,"['sex', 'race']",0.10726,0.15755,0.05784,0.15541,0.1224,0.18854,0.16302,0.32082,0.0,0.0,0.0194617933731693,0.0426141990509301,0.1779502836233212,0.2782525456259017,0.6764091858037579,0.67271,0.79975,0.73075,0.0509295781195747,0.0509295781195746,0.3404821622710425,0.7199841043735514,0.18977,0.20409,0.0,0.0,0.0,0.0,0.0,0.0,0.0,0.0,0.0,0.0,0.0,0.0,0.0,0.0,0.0,0.0,0.0,0.0,0.0,0.0,0.0,0.0,0.0,0.0
2023-03-20 13:34:05.962732,1,True,Adult Dataset,FairMask Bias Mitigation,SupportVectorClassifier,NaiveBayes,"['race', 'sex']",0.0102,0.01652,0.00734,0.02458,0.0603,0.03445,1.16638,0.55115,0.0,0.0,0.0133255085690151,0.0041481010625172,0.7730565489314297,0.4389976099638844,0.7959465684016582,0.71667,0.27061,0.39287,0.0141088336737572,0.0141088336737572,1.219258064406575,0.0885051379275499,0.08132,0.04934,0.0,0.0,0.0,0.0,0.0,0.0,0.0,0.0,0.0,0.0,0.0,0.0,0.0,0.0,0.0,0.0,0.0,0.0,0.0,0.0,0.0,0.0,0.0,0.0
2023-03-20 13:33:36.923271,1,True,Compas Dataset,FairMask Bias Mitigation,SupportVectorClassifier,MLPClassifier,"['sex', 'race']",0.10726,0.15755,0.05784,0.15541,0.1224,0.18854,0.16302,0.32082,0.0,0.0,0.0194617933731693,0.0426141990509301,0.1779502836233212,0.2782525456259017,0.6764091858037579,0.67271,0.79975,0.73075,0.0509295781195747,0.0509295781195746,0.3404821622710425,0.7199841043735514,0.18977,0.20409,0.0,0.0,0.0,0.0,0.0,0.0,0.0,0.0,0.0,0.0,0.0,0.0,0.0,0.0,0.0,0.0,0.0,0.0,0.0,0.0,0.0,0.0,0.0,0.0
2023-03-20 13:33:29.613347,1,True,Adult Dataset,FairMask Bias Mitigation,SupportVectorClassifier,MLPClassifier,"['race', 'sex']",0.0102,0.01652,0.00734,0.02458,0.0603,0.03445,1.16638,0.55115,0.0,0.0,0.0133255085690151,0.0041481010625172,0.7730565489314297,0.4389976099638844,0.7959465684016582,0.71667,0.27061,0.39287,0.0141088336737572,0.0141088336737572,1.219258064406575,0.0885051379275499,0.08132,0.04934,0.0,0.0,0.0,0.0,0.0,0.0,0.0,0.0,0.0,0.0,0.0,0.0,0.0,0.0,0.0,0.0,0.0,0.0,0.0,0.0,0.0,0.0,0.0,0.0
2023-03-20 13:32:58.070093,1,True,Compas Dataset,FairMask Bias Mitigation,SupportVectorClassifier,KNearestNeighbours,"['sex', 'race']",0.10726,0.15755,0.05784,0.15541,0.1224,0.18854,0.16302,0.32082,0.0,0.0,0.0194617933731693,0.0426141990509301,0.1779502836233212,0.2782525456259017,0.6764091858037579,0.67271,0.79975,0.73075,0.0509295781195747,0.0509295781195746,0.3404821622710425,0.7199841043735514,0.18977,0.20409,0.0,0.0,0.0,0.0,0.0,0.0,0.0,0.0,0.0,0.0,0.0,0.0,0.0,0.0,0.0,0.0,0.0,0.0,0.0,0.0,0.0,0.0,0.0,0.0
2023-03-20 13:32:55.054328,1,True,Adult Dataset,FairMask Bias Mitigation,SupportVectorClassifier,KNearestNeighbours,"['race', 'sex']",0.0102,0.01652,0.00734,0.02458,0.0603,0.03445,1.16638,0.55115,0.0,0.0,0.0133255085690151,0.0041481010625172,0.7730565489314297,0.4389976099638844,0.7959465684016582,0.71667,0.27061,0.39287,0.0141088336737572,0.0141088336737572,1.219258064406575,0.0885051379275499,0.08132,0.04934,0.0,0.0,0.0,0.0,0.0,0.0,0.0,0.0,0.0,0.0,0.0,0.0,0.0,0.0,0.0,0.0,0.0,0.0,0.0,0.0,0.0,0.0,0.0,0.0
2023-03-20 13:32:24.302267,1,True,Compas Dataset,FairMask Bias Mitigation,SupportVectorClassifier,DecisionTreeClassifier,"['sex', 'race']",0.10726,0.15755,0.05784,0.15541,0.1224,0.18854,0.16302,0.32082,0.0,0.0,0.0194617933731693,0.0426141990509301,0.1779502836233212,0.2782525456259017,0.6764091858037579,0.67271,0.79975,0.73075,0.0509295781195747,0.0509295781195746,0.3404821622710425,0.7199841043735514,0.18977,0.20409,0.0,0.0,0.0,0.0,0.0,0.0,0.0,0.0,0.0,0.0,0.0,0.0,0.0,0.0,0.0,0.0,0.0,0.0,0.0,0.0,0.0,0.0,0.0,0.0
2023-03-20 13:32:21.678728,1,True,Adult Dataset,FairMask Bias Mitigation,SupportVectorClassifier,DecisionTreeClassifier,"['race', 'sex']",0.0102,0.01652,0.00734,0.02458,0.0603,0.03445,1.16638,0.55115,0.0,0.0,0.0133255085690151,0.0041481010625172,0.7730565489314297,0.4389976099638844,0.7959465684016582,0.71667,0.27061,0.39287,0.0141088336737572,0.0141088336737572,1.219258064406575,0.0885051379275499,0.08132,0.04934,0.0,0.0,0.0,0.0,0.0,0.0,0.0,0.0,0.0,0.0,0.0,0.0,0.0,0.0,0.0,0.0,0.0,0.0,0.0,0.0,0.0,0.0,0.0,0.0
2023-03-20 13:31:53.971094,1,True,Compas Dataset,FairMask Bias Mitigation,RandomForestClassifier,SupportVectorClassifier,"['sex', 'race']",0.11264,0.14446,0.06182,0.10727,0.12341,0.16454,0.1813,0.31343,0.0,0.0,0.019621602067634,0.0371908730833248,0.2000355163605531,0.2726424327351349,0.6430062630480167,0.66507,0.70469,0.68431,0.0410810041216115,0.0410810041216115,0.4184396860549011,0.7587882376416166,0.13591,0.25768,0.0,0.0,0.0,0.0,0.0,0.0,0.0,0.0,0.0,0.0,0.0,0.0,0.0,0.0,0.0,0.0,0.0,0.0,0.0,0.0,0.0,0.0,0.0,0.0
2023-03-20 13:31:49.913446,1,True,Adult Dataset,FairMask Bias Mitigation,RandomForestClassifier,SupportVectorClassifier,"['race', 'sex']",0.04146,0.00625,0.0815,0.00171,0.11396,0.05796,0.86762,0.36708,0.0,0.0,0.0251826008189835,0.0069794860903569,0.6246652602785269,0.3126751089032912,0.8317211730385383,0.68219,0.58087,0.62746,0.0266756993754403,0.0266756993754403,0.8022290955057372,0.1713527151632179,0.09664,0.04874,0.0,0.0,0.0,0.0,0.0,0.0,0.0,0.0,0.0,0.0,0.0,0.0,0.0,0.0,0.0,0.0,0.0,0.0,0.0,0.0,0.0,0.0,0.0,0.0
2023-03-20 13:30:42.621470,1,True,Compas Dataset,FairMask Bias Mitigation,RandomForestClassifier,RandomForestClassifier,"['sex', 'race']",0.0864,0.14506,0.04567,0.10543,0.1008,0.16686,0.14886,0.30969,0.0,0.0,0.0160273592484924,0.0377138833561181,0.1611737004156378,0.2697893637527284,0.6548364648573417,0.67095,0.72877,0.69866,0.0392402985226412,0.0392402985226412,0.3834361124815672,0.7216486906921598,0.12089,0.23594,0.0,0.0,0.0,0.0,0.0,0.0,0.0,0.0,0.0,0.0,0.0,0.0,0.0,0.0,0.0,0.0,0.0,0.0,0.0,0.0,0.0,0.0,0.0,0.0
2023-03-20 13:30:41.071961,1,True,Adult Dataset,FairMask Bias Mitigation,RandomForestClassifier,RandomForestClassifier,"['race', 'sex']",0.04199,0.00154,0.0793,0.01006,0.11424,0.05184,0.89191,0.32381,0.0,0.0,0.025245096149809,0.0062424136597301,0.6375887755205654,0.2805173307658307,0.8295716259788116,0.67967,0.57017,0.62012,0.0261798150736993,0.0261798150736993,0.7866443644890391,0.1661271328140198,0.09664,0.04447,0.0,0.0,0.0,0.0,0.0,0.0,0.0,0.0,0.0,0.0,0.0,0.0,0.0,0.0,0.0,0.0,0.0,0.0,0.0,0.0,0.0,0.0,0.0,0.0
2023-03-20 13:30:35.667468,1,True,Compas Dataset,FairMask Bias Mitigation,RandomForestClassifier,GradientBoostingClassifier,"['sex', 'race']",0.09333,0.13308,0.03406,0.10677,0.10334,0.15604,0.15419,0.2925,0.0,0.0,0.0164297865972806,0.03526929459958,0.1674619597573848,0.2565778302313282,0.6485734168406402,0.66825,0.71483,0.69075,0.037828170786099,0.0378281707860989,0.3740572226687355,0.666078839537349,0.12391,0.22877,0.0,0.0,0.0,0.0,0.0,0.0,0.0,0.0,0.0,0.0,0.0,0.0,0.0,0.0,0.0,0.0,0.0,0.0,0.0,0.0,0.0,0.0,0.0,0.0
2023-03-20 13:30:34.427251,1,True,Adult Dataset,FairMask Bias Mitigation,RandomForestClassifier,GradientBoostingClassifier,"['race', 'sex']",0.04431,0.00171,0.08003,0.00452,0.11838,0.05398,0.93099,0.3372,0.0,0.0,0.0261595412206212,0.0065004102272725,0.6580338072146793,0.2905760911836769,0.8301857822815907,0.67955,0.5752,0.62304,0.0269379628818282,0.0269379628818282,0.8467595684508578,0.1762401473930304,0.09664,0.04972,0.0,0.0,0.0,0.0,0.0,0.0,0.0,0.0,0.0,0.0,0.0,0.0,0.0,0.0,0.0,0.0,0.0,0.0,0.0,0.0,0.0,0.0,0.0,0.0
2023-03-20 13:30:30.426149,1,True,Compas Dataset,FairMask Bias Mitigation,RandomForestClassifier,NaiveBayes,"['sex', 'race']",0.11539,0.16852,0.05705,0.15196,0.12446,0.19138,0.17825,0.35945,0.0,0.0,0.0197886747936652,0.0432563394414153,0.1963166458599921,0.3070835002638662,0.6430062630480167,0.66047,0.7199,0.6889,0.0466321770447885,0.0466321770447885,0.4375459909543048,0.8590105754433193,0.17236,0.27548,0.0,0.0,0.0,0.0,0.0,0.0,0.0,0.0,0.0,0.0,0.0,0.0,0.0,0.0,0.0,0.0,0.0,0.0,0.0,0.0,0.0,0.0,0.0,0.0
2023-03-20 13:30:29.741555,1,True,Adult Dataset,FairMask Bias Mitigation,RandomForestClassifier,NaiveBayes,"['race', 'sex']",0.04804,0.00021,0.09031,0.00726,0.11885,0.05327,0.94161,0.33274,0.0,0.0,0.0262641637322032,0.006414411371425,0.6635193673451428,0.2872344005217738,0.8329494856440964,0.6868,0.57961,0.62867,0.0272994032485643,0.0272994032485643,0.7991315194616031,0.1703054118732157,0.10504,0.04868,0.0,0.0,0.0,0.0,0.0,0.0,0.0,0.0,0.0,0.0,0.0,0.0,0.0,0.0,0.0,0.0,0.0,0.0,0.0,0.0,0.0,0.0,0.0,0.0
2023-03-20 13:30:27.581536,1,True,Compas Dataset,FairMask Bias Mitigation,RandomForestClassifier,MLPClassifier,"['sex', 'race']",0.09666,0.1568,0.04631,0.12366,0.10771,0.17759,0.15988,0.33761,0.0,0.0,0.0171256808213586,0.0401405541681255,0.1742164710883146,0.290881372494189,0.6443980514961726,0.66469,0.71103,0.68708,0.0426994303546446,0.0426994303546445,0.402552616918825,0.7184749738491947,0.14127,0.24469,0.0,0.0,0.0,0.0,0.0,0.0,0.0,0.0,0.0,0.0,0.0,0.0,0.0,0.0,0.0,0.0,0.0,0.0,0.0,0.0,0.0,0.0,0.0,0.0
2023-03-20 13:30:24.958384,1,True,Adult Dataset,FairMask Bias Mitigation,RandomForestClassifier,MLPClassifier,"['race', 'sex']",0.04408,0.0011,0.08664,0.00587,0.1144,0.05429,0.86486,0.33453,0.0,0.0,0.0252804339472091,0.0065373274992728,0.6231846997640743,0.2885791930444342,0.8304928604329802,0.67818,0.58087,0.62576,0.0262598967933577,0.0262598967933577,0.8042888284687479,0.1720515272112228,0.10504,0.04988,0.0,0.0,0.0,0.0,0.0,0.0,0.0,0.0,0.0,0.0,0.0,0.0,0.0,0.0,0.0,0.0,0.0,0.0,0.0,0.0,0.0,0.0,0.0,0.0
2023-03-20 13:30:16.830879,1,True,Compas Dataset,FairMask Bias Mitigation,RandomForestClassifier,KNearestNeighbours,"['sex', 'race']",0.08299,0.1408,0.04816,0.11526,0.09824,0.16451,0.14432,0.30177,0.0,0.0,0.0156191206744508,0.0371840933205292,0.1558546830788323,0.2637225432877796,0.6534446764091858,0.66821,0.73257,0.69891,0.0394669363075184,0.0394669363075184,0.3628451673237119,0.6756876986439859,0.13459,0.21688,0.0,0.0,0.0,0.0,0.0,0.0,0.0,0.0,0.0,0.0,0.0,0.0,0.0,0.0,0.0,0.0,0.0,0.0,0.0,0.0,0.0,0.0,0.0,0.0
2023-03-20 13:30:15.880358,1,True,Adult Dataset,FairMask Bias Mitigation,RandomForestClassifier,KNearestNeighbours,"['race', 'sex']",0.0528,0.00713,0.09031,0.00919,0.12252,0.05263,1.09149,0.35291,0.0,0.0,0.0270742927566544,0.0063373235812328,0.7378752188507455,0.3022575838348334,0.8315676339628435,0.69431,0.55318,0.61576,0.0282419252484649,0.0282419252484649,0.8313624244017734,0.1660225917338923,0.09454,0.05669,0.0,0.0,0.0,0.0,0.0,0.0,0.0,0.0,0.0,0.0,0.0,0.0,0.0,0.0,0.0,0.0,0.0,0.0,0.0,0.0,0.0,0.0,0.0,0.0
2023-03-20 13:30:11.025915,1,True,Compas Dataset,FairMask Bias Mitigation,RandomForestClassifier,DecisionTreeClassifier,"['sex', 'race']",0.09282,0.14695,0.05293,0.10264,0.10684,0.16729,0.1586,0.31548,0.0,0.0,0.0169876642215936,0.0378126741854236,0.1726839037385364,0.2741998921666578,0.6506610995128741,0.66982,0.71736,0.69278,0.0395962360694034,0.0395962360694034,0.4007847508161803,0.7403908725019005,0.14242,0.24137,0.0,0.0,0.0,0.0,0.0,0.0,0.0,0.0,0.0,0.0,0.0,0.0,0.0,0.0,0.0,0.0,0.0,0.0,0.0,0.0,0.0,0.0,0.0,0.0
2023-03-20 13:30:10.357108,1,True,Adult Dataset,FairMask Bias Mitigation,RandomForestClassifier,DecisionTreeClassifier,"['race', 'sex']",0.04362,0.00056,0.0837,0.00316,0.11477,0.0512,0.92635,0.32654,0.0,0.0,0.0253616000822647,0.0061655380377677,0.655625174300505,0.2825712936043928,0.8331030247197911,0.6919,0.56954,0.62478,0.0262892703060731,0.0262892703060731,0.7954066610038826,0.1642462073718352,0.09072,0.04438,0.0,0.0,0.0,0.0,0.0,0.0,0.0,0.0,0.0,0.0,0.0,0.0,0.0,0.0,0.0,0.0,0.0,0.0,0.0,0.0,0.0,0.0,0.0,0.0
2023-03-20 13:30:08.135082,1,True,Compas Dataset,FairMask Bias Mitigation,GradientBoostingClassifier,SupportVectorClassifier,"['sex', 'race']",0.09434,0.17181,0.01716,0.16408,0.10514,0.20296,0.15527,0.38818,0.0,0.0,0.016717442247317,0.045873812149238,0.1687323153895643,0.3279925278182997,0.6764091858037579,0.69014,0.74525,0.71664,0.051276798828457,0.0512767988284569,0.378561926219331,0.6099893728863056,0.20058,0.21292,0.0,0.0,0.0,0.0,0.0,0.0,0.0,0.0,0.0,0.0,0.0,0.0,0.0,0.0,0.0,0.0,0.0,0.0,0.0,0.0,0.0,0.0,0.0,0.0
2023-03-20 13:30:04.325339,1,True,Adult Dataset,FairMask Bias Mitigation,GradientBoostingClassifier,SupportVectorClassifier,"['race', 'sex']",0.03205,0.00765,0.05947,0.01421,0.11375,0.04556,0.97685,0.29681,0.0,0.0,0.0251356880659307,0.0054866704248732,0.6815061633998215,0.2599068191494139,0.839705204974666,0.71713,0.56639,0.63291,0.02539740936462,0.02539740936462,0.8294008539644014,0.1603961310806024,0.09664,0.04772,0.0,0.0,0.0,0.0,0.0,0.0,0.0,0.0,0.0,0.0,0.0,0.0,0.0,0.0,0.0,0.0,0.0,0.0,0.0,0.0,0.0,0.0,0.0,0.0
2023-03-20 13:28:57.221469,1,True,Compas Dataset,FairMask Bias Mitigation,GradientBoostingClassifier,RandomForestClassifier,"['sex', 'race']",0.09527,0.1692,0.01716,0.16408,0.10601,0.20094,0.15655,0.38432,0.0,0.0,0.0168554588470819,0.0454181152356282,0.1702509185667543,0.3252108848564228,0.6771050800278358,0.69095,0.74525,0.71707,0.0509005219933083,0.0509005219933083,0.378561926219331,0.6099893728863056,0.20058,0.21292,0.0,0.0,0.0,0.0,0.0,0.0,0.0,0.0,0.0,0.0,0.0,0.0,0.0,0.0,0.0,0.0,0.0,0.0,0.0,0.0,0.0,0.0,0.0,0.0
2023-03-20 13:28:55.926894,1,True,Adult Dataset,FairMask Bias Mitigation,GradientBoostingClassifier,RandomForestClassifier,"['race', 'sex']",0.03352,0.01047,0.06021,0.01837,0.11566,0.04365,1.03903,0.28847,0.0,0.0,0.0255592701497759,0.0052562557272161,0.7124752431673693,0.2534520290121448,0.841701212958698,0.72683,0.56262,0.63427,0.0256604036726886,0.0256604036726886,0.8408914074462949,0.1589044364202628,0.09664,0.04793,0.0,0.0,0.0,0.0,0.0,0.0,0.0,0.0,0.0,0.0,0.0,0.0,0.0,0.0,0.0,0.0,0.0,0.0,0.0,0.0,0.0,0.0,0.0,0.0
2023-03-20 13:28:50.880406,1,True,Compas Dataset,FairMask Bias Mitigation,GradientBoostingClassifier,GradientBoostingClassifier,"['sex', 'race']",0.09434,0.17181,0.01716,0.16408,0.10514,0.20296,0.15527,0.38818,0.0,0.0,0.016717442247317,0.045873812149238,0.1687323153895643,0.3279925278182997,0.6764091858037579,0.69014,0.74525,0.71664,0.051276798828457,0.0512767988284569,0.378561926219331,0.6099893728863056,0.20058,0.21292,0.0,0.0,0.0,0.0,0.0,0.0,0.0,0.0,0.0,0.0,0.0,0.0,0.0,0.0,0.0,0.0,0.0,0.0,0.0,0.0,0.0,0.0,0.0,0.0
2023-03-20 13:28:49.845497,1,True,Adult Dataset,FairMask Bias Mitigation,GradientBoostingClassifier,GradientBoostingClassifier,"['race', 'sex']",0.02982,0.0058,0.0536,0.01216,0.11332,0.04689,0.98901,0.31213,0.0,0.0,0.0250412496293833,0.0056462916564914,0.6876354619951218,0.2716538588734147,0.8393981268232765,0.71878,0.56136,0.63039,0.0254341380426382,0.0254341380426381,0.846487392950416,0.1606054063830255,0.08824,0.04373,0.0,0.0,0.0,0.0,0.0,0.0,0.0,0.0,0.0,0.0,0.0,0.0,0.0,0.0,0.0,0.0,0.0,0.0,0.0,0.0,0.0,0.0,0.0,0.0
2023-03-20 13:28:45.962799,1,True,Compas Dataset,FairMask Bias Mitigation,GradientBoostingClassifier,NaiveBayes,"['sex', 'race']",0.0969,0.1723,0.02041,0.16287,0.10775,0.20307,0.15911,0.38997,0.0,0.0,0.0171314920466119,0.0458985098565644,0.1732950609479826,0.3292842102440586,0.6757132915796799,0.69022,0.74271,0.71551,0.051539756771167,0.051539756771167,0.3837432849613286,0.615104473553076,0.19888,0.21549,0.0,0.0,0.0,0.0,0.0,0.0,0.0,0.0,0.0,0.0,0.0,0.0,0.0,0.0,0.0,0.0,0.0,0.0,0.0,0.0,0.0,0.0,0.0,0.0
2023-03-20 13:28:45.427206,1,True,Adult Dataset,FairMask Bias Mitigation,GradientBoostingClassifier,NaiveBayes,"['race', 'sex']",0.03168,0.008,0.05874,0.01491,0.11352,0.04538,0.97489,0.29565,0.0,0.0,0.0250850741559788,0.0054651707109113,0.6805106431583199,0.259009555742424,0.8395516658989712,0.71691,0.56576,0.63243,0.0253342303806092,0.0253342303806093,0.8282940469892104,0.1600547758972229,0.09664,0.04772,0.0,0.0,0.0,0.0,0.0,0.0,0.0,0.0,0.0,0.0,0.0,0.0,0.0,0.0,0.0,0.0,0.0,0.0,0.0,0.0,0.0,0.0,0.0,0.0
2023-03-20 13:28:43.712389,1,True,Compas Dataset,FairMask Bias Mitigation,GradientBoostingClassifier,MLPClassifier,"['sex', 'race']",0.09434,0.17181,0.01716,0.16408,0.10514,0.20296,0.15527,0.38818,0.0,0.0,0.016717442247317,0.045873812149238,0.1687323153895643,0.3279925278182997,0.6764091858037579,0.69014,0.74525,0.71664,0.051276798828457,0.0512767988284569,0.378561926219331,0.6099893728863056,0.20058,0.21292,0.0,0.0,0.0,0.0,0.0,0.0,0.0,0.0,0.0,0.0,0.0,0.0,0.0,0.0,0.0,0.0,0.0,0.0,0.0,0.0,0.0,0.0,0.0,0.0
2023-03-20 13:28:41.129480,1,True,Adult Dataset,FairMask Bias Mitigation,GradientBoostingClassifier,MLPClassifier,"['race', 'sex']",0.03021,0.00621,0.0558,0.01009,0.11334,0.04528,1.00142,0.30144,0.0,0.0,0.0250463416669006,0.0054527942308346,0.6938571490510556,0.2634682742869753,0.841701212958698,0.72646,0.56325,0.63453,0.0253261444136258,0.0253261444136258,0.8397684427016711,0.1585645893481728,0.08824,0.04373,0.0,0.0,0.0,0.0,0.0,0.0,0.0,0.0,0.0,0.0,0.0,0.0,0.0,0.0,0.0,0.0,0.0,0.0,0.0,0.0,0.0,0.0,0.0,0.0
2023-03-20 13:28:33.559272,1,True,Compas Dataset,FairMask Bias Mitigation,GradientBoostingClassifier,KNearestNeighbours,"['sex', 'race']",0.1081,0.16725,0.03939,0.16152,0.12099,0.19944,0.17328,0.3746,0.0,0.0,0.0192366083946054,0.0450791270958547,0.1902834450558243,0.3181639460404381,0.6805845511482255,0.69097,0.75665,0.72232,0.0523126497298506,0.0523126497298506,0.3881976353107089,0.6596063250317317,0.19706,0.22016,0.0,0.0,0.0,0.0,0.0,0.0,0.0,0.0,0.0,0.0,0.0,0.0,0.0,0.0,0.0,0.0,0.0,0.0,0.0,0.0,0.0,0.0,0.0,0.0
2023-03-20 13:28:32.687591,1,True,Adult Dataset,FairMask Bias Mitigation,GradientBoostingClassifier,KNearestNeighbours,"['race', 'sex']",0.03857,0.00151,0.06535,0.00466,0.11673,0.04768,1.14441,0.34237,0.0,0.0,0.0257956727063653,0.0057412015779941,0.7628638714331212,0.2944366822764446,0.8395516658989712,0.73169,0.54059,0.62179,0.0262679356118456,0.0262679356118456,0.9190278857494028,0.1607574018668807,0.07203,0.04055,0.0,0.0,0.0,0.0,0.0,0.0,0.0,0.0,0.0,0.0,0.0,0.0,0.0,0.0,0.0,0.0,0.0,0.0,0.0,0.0,0.0,0.0,0.0,0.0
2023-03-20 13:28:28.165243,1,True,Compas Dataset,FairMask Bias Mitigation,GradientBoostingClassifier,DecisionTreeClassifier,"['sex', 'race']",0.09396,0.17303,0.0164,0.1591,0.10518,0.2038,0.15452,0.38743,0.0,0.0,0.0167232534725702,0.0460646140450534,0.1678488298646516,0.327453662117533,0.6798886569241476,0.69195,0.75158,0.72053,0.0510705003319662,0.0510705003319662,0.3821394353793541,0.6330389854591489,0.19014,0.21581,0.0,0.0,0.0,0.0,0.0,0.0,0.0,0.0,0.0,0.0,0.0,0.0,0.0,0.0,0.0,0.0,0.0,0.0,0.0,0.0,0.0,0.0,0.0,0.0
2023-03-20 13:28:27.625356,1,True,Adult Dataset,FairMask Bias Mitigation,GradientBoostingClassifier,DecisionTreeClassifier,"['race', 'sex']",0.02916,0.0056,0.05433,0.00873,0.11176,0.04497,0.9998,0.30383,0.0,0.0,0.0246971363347546,0.0054158769588343,0.693047923839993,0.265306597065278,0.8413941348073085,0.72862,0.55758,0.63173,0.0250829760479277,0.0250829760479278,0.8273318776606625,0.1548338744903205,0.07983,0.03832,0.0,0.0,0.0,0.0,0.0,0.0,0.0,0.0,0.0,0.0,0.0,0.0,0.0,0.0,0.0,0.0,0.0,0.0,0.0,0.0,0.0,0.0,0.0,0.0
2023-03-20 13:28:25.689439,1,True,Compas Dataset,FairMask Bias Mitigation,NaiveBayes,SupportVectorClassifier,"['sex', 'race']",0.14293,0.12135,0.06456,0.09442,0.15236,0.14859,0.19213,0.23984,0.0,0.0,0.0242240924682162,0.0335854920824477,0.2133568356589994,0.2149794016366608,0.6778009742519137,0.66909,0.81749,0.73588,0.0488825740241137,0.0488825740241136,0.3269085056271416,0.7655875560235321,0.13913,0.19605,0.0,0.0,0.0,0.0,0.0,0.0,0.0,0.0,0.0,0.0,0.0,0.0,0.0,0.0,0.0,0.0,0.0,0.0,0.0,0.0,0.0,0.0,0.0,0.0
2023-03-20 13:28:22.122033,1,True,Adult Dataset,FairMask Bias Mitigation,NaiveBayes,SupportVectorClassifier,"['race', 'sex']",0.0079,0.02577,0.0022,0.03644,0.06622,0.04345,0.98058,0.58278,0.0,0.0,0.0146343743791869,0.0052326343309554,0.6833915011765446,0.4591856925400788,0.79149393520651,0.65844,0.30208,0.41415,0.0161173595833525,0.0161173595833525,1.0761572207659016,0.1013701474024282,0.1261,0.06739,0.0,0.0,0.0,0.0,0.0,0.0,0.0,0.0,0.0,0.0,0.0,0.0,0.0,0.0,0.0,0.0,0.0,0.0,0.0,0.0,0.0,0.0,0.0,0.0
2023-03-20 13:27:12.219481,1,True,Compas Dataset,FairMask Bias Mitigation,NaiveBayes,RandomForestClassifier,"['sex', 'race']",0.13883,0.12086,0.06381,0.09478,0.14892,0.14826,0.18697,0.23687,0.0,0.0,0.0236778372944097,0.0335113989604686,0.2069900782648279,0.2125835817965923,0.6784968684759917,0.66804,0.82383,0.7378,0.0480937001959835,0.0480937001959835,0.3136924542356152,0.7470111704505966,0.13245,0.18832,0.0,0.0,0.0,0.0,0.0,0.0,0.0,0.0,0.0,0.0,0.0,0.0,0.0,0.0,0.0,0.0,0.0,0.0,0.0,0.0,0.0,0.0,0.0,0.0
2023-03-20 13:27:11.260451,1,True,Adult Dataset,FairMask Bias Mitigation,NaiveBayes,RandomForestClassifier,"['race', 'sex']",0.00861,0.02737,0.0022,0.03644,0.06763,0.04621,1.0298,0.64832,0.0,0.0,0.0149448472222546,0.0055642532742685,0.7079348181221615,0.4997572192941792,0.7924151696606786,0.6639,0.30208,0.41522,0.0163524419820671,0.0163524419820671,1.2547264279413055,0.1090399960816764,0.1261,0.07125,0.0,0.0,0.0,0.0,0.0,0.0,0.0,0.0,0.0,0.0,0.0,0.0,0.0,0.0,0.0,0.0,0.0,0.0,0.0,0.0,0.0,0.0,0.0,0.0
2023-03-20 13:27:07.162551,1,True,Compas Dataset,FairMask Bias Mitigation,NaiveBayes,GradientBoostingClassifier,"['sex', 'race']",0.14293,0.12135,0.06456,0.09442,0.15236,0.14859,0.19213,0.23984,0.0,0.0,0.0242240924682162,0.0335854920824477,0.2133568356589994,0.2149794016366608,0.6778009742519137,0.66909,0.81749,0.73588,0.0488825740241137,0.0488825740241136,0.3269085056271416,0.7655875560235321,0.13913,0.19605,0.0,0.0,0.0,0.0,0.0,0.0,0.0,0.0,0.0,0.0,0.0,0.0,0.0,0.0,0.0,0.0,0.0,0.0,0.0,0.0,0.0,0.0,0.0,0.0
2023-03-20 13:27:06.416414,1,True,Adult Dataset,FairMask Bias Mitigation,NaiveBayes,GradientBoostingClassifier,"['race', 'sex']",0.0079,0.02577,0.0022,0.03644,0.06622,0.04345,0.98058,0.58278,0.0,0.0,0.0146343743791869,0.0052326343309554,0.6833915011765446,0.4591856925400788,0.79149393520651,0.65844,0.30208,0.41415,0.0161173595833525,0.0161173595833525,1.0761572207659016,0.1013701474024282,0.1261,0.06739,0.0,0.0,0.0,0.0,0.0,0.0,0.0,0.0,0.0,0.0,0.0,0.0,0.0,0.0,0.0,0.0,0.0,0.0,0.0,0.0,0.0,0.0,0.0,0.0
2023-03-20 13:27:03.758902,1,True,Compas Dataset,FairMask Bias Mitigation,NaiveBayes,NaiveBayes,"['sex', 'race']",0.14293,0.12135,0.06456,0.09442,0.15236,0.14859,0.19213,0.23984,0.0,0.0,0.0242240924682162,0.0335854920824477,0.2133568356589994,0.2149794016366608,0.6778009742519137,0.66909,0.81749,0.73588,0.0488825740241137,0.0488825740241136,0.3269085056271416,0.7655875560235321,0.13913,0.19605,0.0,0.0,0.0,0.0,0.0,0.0,0.0,0.0,0.0,0.0,0.0,0.0,0.0,0.0,0.0,0.0,0.0,0.0,0.0,0.0,0.0,0.0,0.0,0.0
2023-03-20 13:27:03.580149,1,True,Adult Dataset,FairMask Bias Mitigation,NaiveBayes,NaiveBayes,"['race', 'sex']",0.00719,0.02448,0.00367,0.03505,0.06601,0.0422,0.99109,0.56602,0.0,0.0,0.0145871551609132,0.0050821363332223,0.68868210808198,0.4485392041455912,0.7919545524335944,0.66205,0.30082,0.41367,0.0159821848466668,0.0159821848466668,1.066749813664006,0.0998556839901411,0.1261,0.06601,0.0,0.0,0.0,0.0,0.0,0.0,0.0,0.0,0.0,0.0,0.0,0.0,0.0,0.0,0.0,0.0,0.0,0.0,0.0,0.0,0.0,0.0,0.0,0.0
2023-03-20 13:27:02.881283,1,True,Compas Dataset,FairMask Bias Mitigation,NaiveBayes,MLPClassifier,"['sex', 'race']",0.14293,0.12135,0.06456,0.09442,0.15236,0.14859,0.19213,0.23984,0.0,0.0,0.0242240924682162,0.0335854920824477,0.2133568356589994,0.2149794016366608,0.6778009742519137,0.66909,0.81749,0.73588,0.0488825740241137,0.0488825740241136,0.3269085056271416,0.7655875560235321,0.13913,0.19605,0.0,0.0,0.0,0.0,0.0,0.0,0.0,0.0,0.0,0.0,0.0,0.0,0.0,0.0,0.0,0.0,0.0,0.0,0.0,0.0,0.0,0.0,0.0,0.0
2023-03-20 13:27:00.207694,1,True,Adult Dataset,FairMask Bias Mitigation,NaiveBayes,MLPClassifier,"['race', 'sex']",0.00383,0.02257,0.00881,0.0302,0.06375,0.0421,0.98471,0.5907,0.0,0.0,0.0140878054447506,0.0050697598531456,0.6854712331608964,0.4641772868615537,0.7931828650391525,0.67286,0.29641,0.41153,0.0152064035012095,0.0152064035012096,1.2144525288033654,0.1026984377616292,0.1261,0.06803,0.0,0.0,0.0,0.0,0.0,0.0,0.0,0.0,0.0,0.0,0.0,0.0,0.0,0.0,0.0,0.0,0.0,0.0,0.0,0.0,0.0,0.0,0.0,0.0
2023-03-20 13:26:56.001428,1,True,Compas Dataset,FairMask Bias Mitigation,NaiveBayes,KNearestNeighbours,"['sex', 'race']",0.13863,0.11606,0.05969,0.08822,0.14802,0.14328,0.18666,0.22929,0.0,0.0,0.0235340094693915,0.0323845055301073,0.2066046155417127,0.2064396400885262,0.6784968684759917,0.66873,0.82129,0.7372,0.047284487079467,0.047284487079467,0.3158830356154337,0.7501312977868403,0.1313,0.18959,0.0,0.0,0.0,0.0,0.0,0.0,0.0,0.0,0.0,0.0,0.0,0.0,0.0,0.0,0.0,0.0,0.0,0.0,0.0,0.0,0.0,0.0,0.0,0.0
2023-03-20 13:26:55.552430,1,True,Adult Dataset,FairMask Bias Mitigation,NaiveBayes,KNearestNeighbours,"['race', 'sex']",0.008,0.02631,0.0022,0.03644,0.06646,0.04437,0.99092,0.60398,0.0,0.0,0.0146866856349779,0.0053431739787264,0.6885981475433836,0.4724867734940043,0.7918010133578995,0.66025,0.30208,0.41451,0.0161445406910258,0.0161445406910257,1.1314412198114998,0.1038333246693282,0.1261,0.06861,0.0,0.0,0.0,0.0,0.0,0.0,0.0,0.0,0.0,0.0,0.0,0.0,0.0,0.0,0.0,0.0,0.0,0.0,0.0,0.0,0.0,0.0,0.0,0.0
2023-03-20 13:26:52.130804,1,True,Compas Dataset,FairMask Bias Mitigation,NaiveBayes,DecisionTreeClassifier,"['sex', 'race']",0.13697,0.11972,0.06381,0.08943,0.14719,0.14614,0.18479,0.23268,0.0,0.0,0.0234018040948798,0.0330310043395324,0.2043127004941115,0.2091937480420808,0.6771050800278358,0.66667,0.82383,0.73696,0.0474544654181249,0.0474544654181249,0.3093256350692748,0.7407415574370013,0.12869,0.18575,0.0,0.0,0.0,0.0,0.0,0.0,0.0,0.0,0.0,0.0,0.0,0.0,0.0,0.0,0.0,0.0,0.0,0.0,0.0,0.0,0.0,0.0,0.0,0.0
2023-03-20 13:26:51.896115,1,True,Adult Dataset,FairMask Bias Mitigation,NaiveBayes,DecisionTreeClassifier,"['race', 'sex']",0.00834,0.02755,0.00294,0.03574,0.06764,0.04695,1.03727,0.66899,0.0,0.0,0.0149465445680937,0.0056532932080777,0.7116099417000525,0.5122172634489165,0.7925687087363734,0.66528,0.30145,0.4149,0.0163164441057296,0.0163164441057296,1.3199528166327803,0.1111777884898305,0.1261,0.07207,0.0,0.0,0.0,0.0,0.0,0.0,0.0,0.0,0.0,0.0,0.0,0.0,0.0,0.0,0.0,0.0,0.0,0.0,0.0,0.0,0.0,0.0,0.0,0.0
2023-03-20 13:26:51.128477,1,True,Compas Dataset,FairMask Bias Mitigation,MLPClassifier,SupportVectorClassifier,"['sex', 'race']",0.09757,0.15277,0.0513,0.14333,0.11531,0.18517,0.17668,0.37312,0.0,0.0,0.0183329628677235,0.041853412811524,0.1944070620157913,0.3170838506745734,0.6798886569241476,0.70435,0.71863,0.71142,0.0509891431784206,0.0509891431784205,0.3859461974666854,0.5290795713677969,0.19312,0.18287,0.0,0.0,0.0,0.0,0.0,0.0,0.0,0.0,0.0,0.0,0.0,0.0,0.0,0.0,0.0,0.0,0.0,0.0,0.0,0.0,0.0,0.0,0.0,0.0
2023-03-20 13:26:45.644128,1,True,Adult Dataset,FairMask Bias Mitigation,MLPClassifier,SupportVectorClassifier,"['race', 'sex']",0.00328,0.00444,0.00147,0.00215,0.06966,0.03721,1.03145,0.45243,0.0,0.0,0.0153935830284652,0.00448035651052,0.708752116463767,0.3732355044564169,0.8143712574850299,0.75538,0.35368,0.48178,0.0162973489650398,0.0162973489650398,0.9893501130038228,0.0988504025973507,0.05365,0.02602,0.0,0.0,0.0,0.0,0.0,0.0,0.0,0.0,0.0,0.0,0.0,0.0,0.0,0.0,0.0,0.0,0.0,0.0,0.0,0.0,0.0,0.0,0.0,0.0
2023-03-20 13:25:24.346486,1,True,Compas Dataset,FairMask Bias Mitigation,MLPClassifier,RandomForestClassifier,"['sex', 'race']",0.07844,0.18103,0.03232,0.17141,0.09675,0.21375,0.15578,0.45507,0.0,0.0,0.0153823132453804,0.0483140424868363,0.1693411956262002,0.3750574381632043,0.6812804453723034,0.71191,0.70469,0.70828,0.0523969124960229,0.0523969124960229,0.4282656293455972,0.5645862598247069,0.21571,0.21257,0.0,0.0,0.0,0.0,0.0,0.0,0.0,0.0,0.0,0.0,0.0,0.0,0.0,0.0,0.0,0.0,0.0,0.0,0.0,0.0,0.0,0.0,0.0,0.0
2023-03-20 13:25:22.374469,1,True,Adult Dataset,FairMask Bias Mitigation,MLPClassifier,RandomForestClassifier,"['race', 'sex']",0.03239,0.017,0.03598,0.00685,0.1064,0.06099,0.81007,0.40603,0.0,0.0,0.0235123417905711,0.0073447690594787,0.5933682535566122,0.340767496014761,0.7919545524335944,0.58864,0.48899,0.5342,0.0245907929030858,0.0245907929030858,0.9452974834841836,0.1805115539584617,0.16645,0.0976,0.0,0.0,0.0,0.0,0.0,0.0,0.0,0.0,0.0,0.0,0.0,0.0,0.0,0.0,0.0,0.0,0.0,0.0,0.0,0.0,0.0,0.0,0.0,0.0
2023-03-20 13:25:15.402211,1,True,Compas Dataset,FairMask Bias Mitigation,MLPClassifier,GradientBoostingClassifier,"['sex', 'race']",0.06764,0.16073,0.02038,0.13768,0.08491,0.19036,0.14939,0.43796,0.0,0.0,0.0135009290696374,0.0430253432375982,0.1617967562922861,0.3632243542968423,0.6715379262352122,0.72045,0.65653,0.687,0.0457692100946793,0.0457692100946793,0.4127308218345809,0.4517849035001219,0.185,0.20241,0.0,0.0,0.0,0.0,0.0,0.0,0.0,0.0,0.0,0.0,0.0,0.0,0.0,0.0,0.0,0.0,0.0,0.0,0.0,0.0,0.0,0.0,0.0,0.0
2023-03-20 13:25:13.856419,1,True,Adult Dataset,FairMask Bias Mitigation,MLPClassifier,GradientBoostingClassifier,"['race', 'sex']",0.01354,0.01478,0.02129,0.01958,0.0778,0.04517,0.88855,0.44775,0.0,0.0,0.0171933118256041,0.0054391447413785,0.635807436831769,0.3700133174182058,0.8100721633655765,0.69341,0.39711,0.505,0.0184939502233058,0.0184939502233058,0.9141973906244784,0.1166422829619094,0.05529,0.03388,0.0,0.0,0.0,0.0,0.0,0.0,0.0,0.0,0.0,0.0,0.0,0.0,0.0,0.0,0.0,0.0,0.0,0.0,0.0,0.0,0.0,0.0,0.0,0.0
2023-03-20 13:25:07.376765,1,True,Compas Dataset,FairMask Bias Mitigation,MLPClassifier,NaiveBayes,"['sex', 'race']",0.08751,0.16829,0.01965,0.15789,0.10077,0.19988,0.14958,0.38151,0.0,0.0,0.0160215480232391,0.0451779179251601,0.1620211979944964,0.3231804273060409,0.6805845511482255,0.69366,0.74905,0.72029,0.0491891161562231,0.0491891161562231,0.3821394353793541,0.6330389854591489,0.18844,0.21585,0.0,0.0,0.0,0.0,0.0,0.0,0.0,0.0,0.0,0.0,0.0,0.0,0.0,0.0,0.0,0.0,0.0,0.0,0.0,0.0,0.0,0.0,0.0,0.0
2023-03-20 13:25:05.591419,1,True,Adult Dataset,FairMask Bias Mitigation,MLPClassifier,NaiveBayes,"['race', 'sex']",0.0237,0.02525,0.03598,0.03216,0.08828,0.05606,0.83864,0.48235,0.0,0.0,0.0195076664514573,0.0067510516295121,0.60902588885378,0.3936285650914178,0.8043912175648703,0.64706,0.43612,0.52105,0.021142351939992,0.021142351939992,0.9626270428630695,0.1439971664112764,0.09713,0.06213,0.0,0.0,0.0,0.0,0.0,0.0,0.0,0.0,0.0,0.0,0.0,0.0,0.0,0.0,0.0,0.0,0.0,0.0,0.0,0.0,0.0,0.0,0.0,0.0
2023-03-20 13:25:02.914118,1,True,Compas Dataset,FairMask Bias Mitigation,MLPClassifier,MLPClassifier,"['sex', 'race']",0.09412,0.14443,0.0291,0.12298,0.10739,0.1738,0.14786,0.29953,0.0,0.0,0.0170748326003925,0.0392829141744985,0.1600030338382591,0.262004034530079,0.6819763395963814,0.68043,0.79341,0.73259,0.0462442777591334,0.0462442777591334,0.315330291716199,0.6194931403003439,0.16208,0.19077,0.0,0.0,0.0,0.0,0.0,0.0,0.0,0.0,0.0,0.0,0.0,0.0,0.0,0.0,0.0,0.0,0.0,0.0,0.0,0.0,0.0,0.0,0.0,0.0
2023-03-20 13:24:59.435640,1,True,Adult Dataset,FairMask Bias Mitigation,MLPClassifier,MLPClassifier,"['race', 'sex']",0.02342,0.00175,0.03524,0.01764,0.08094,0.04068,0.76555,0.32548,0.0,0.0,0.0178863239871577,0.0048992473190599,0.568462356528352,0.2817728422562042,0.793489943190542,0.61708,0.40466,0.48879,0.0186960051009014,0.0186960051009014,0.7596431142985466,0.1188992563526746,0.05544,0.02509,0.0,0.0,0.0,0.0,0.0,0.0,0.0,0.0,0.0,0.0,0.0,0.0,0.0,0.0,0.0,0.0,0.0,0.0,0.0,0.0,0.0,0.0,0.0,0.0
2023-03-20 13:24:51.404007,1,True,Compas Dataset,FairMask Bias Mitigation,MLPClassifier,KNearestNeighbours,"['sex', 'race']",0.11972,0.14111,0.0561,0.13987,0.13441,0.17541,0.18242,0.30852,0.0,0.0,0.0213707808688653,0.0396466000215983,0.2014012311978501,0.2688971100049726,0.6889352818371608,0.68916,0.78961,0.73597,0.0492704733097688,0.0492704733097687,0.356767865399406,0.6914680735421685,0.18467,0.21437,0.0,0.0,0.0,0.0,0.0,0.0,0.0,0.0,0.0,0.0,0.0,0.0,0.0,0.0,0.0,0.0,0.0,0.0,0.0,0.0,0.0,0.0,0.0,0.0
2023-03-20 13:24:48.655259,1,True,Adult Dataset,FairMask Bias Mitigation,MLPClassifier,KNearestNeighbours,"['race', 'sex']",0.01895,0.0062,0.02717,0.01978,0.08084,0.03555,0.96429,0.33087,0.0,0.0,0.0178648714216914,0.0042814134336294,0.6751287675997282,0.2858330262622863,0.8077690772301551,0.68743,0.38892,0.49678,0.0184131377019667,0.0184131377019668,0.8293613462307573,0.1087595367997209,0.06487,0.03099,0.0,0.0,0.0,0.0,0.0,0.0,0.0,0.0,0.0,0.0,0.0,0.0,0.0,0.0,0.0,0.0,0.0,0.0,0.0,0.0,0.0,0.0,0.0,0.0
2023-03-20 13:24:39.823418,1,True,Compas Dataset,FairMask Bias Mitigation,MLPClassifier,DecisionTreeClassifier,"['sex', 'race']",0.07247,0.17647,0.02722,0.15964,0.09045,0.20741,0.15075,0.45494,0.0,0.0,0.0143813296955063,0.0468796383868232,0.1634043976617492,0.3749680446978071,0.6764091858037579,0.71372,0.68568,0.69942,0.0507014875283842,0.0507014875283842,0.4298923119071213,0.5299466652127693,0.2029,0.20133,0.0,0.0,0.0,0.0,0.0,0.0,0.0,0.0,0.0,0.0,0.0,0.0,0.0,0.0,0.0,0.0,0.0,0.0,0.0,0.0,0.0,0.0,0.0,0.0
2023-03-20 13:24:38.905062,1,True,Adult Dataset,FairMask Bias Mitigation,MLPClassifier,DecisionTreeClassifier,"['race', 'sex']",0.0098,0.00367,0.01248,0.01283,0.04286,0.02175,0.80025,0.34193,0.0,0.0,0.009472062029315,0.0026185802932631,0.5879249660880231,0.2941072798095356,0.803930600337786,0.79104,0.26683,0.39906,0.0102189177727644,0.0102189177727645,0.6871147691420061,0.0535515686502811,0.06399,0.0355,0.0,0.0,0.0,0.0,0.0,0.0,0.0,0.0,0.0,0.0,0.0,0.0,0.0,0.0,0.0,0.0,0.0,0.0,0.0,0.0,0.0,0.0,0.0,0.0
2023-03-20 13:24:36.306262,1,True,Compas Dataset,FairMask Bias Mitigation,KNearestNeighbours,SupportVectorClassifier,"['sex', 'race']",0.0648,0.10832,0.05562,0.0982,0.08271,0.1318,0.13626,0.26614,0.0,0.0,0.0131508027481284,0.0297897934545264,0.1464830575501499,0.2359744909140404,0.6325678496868476,0.66795,0.65779,0.66284,0.0321026611053241,0.0321026611053241,0.3298431620288131,0.4504073030618404,0.13398,0.16804,0.0,0.0,0.0,0.0,0.0,0.0,0.0,0.0,0.0,0.0,0.0,0.0,0.0,0.0,0.0,0.0,0.0,0.0,0.0,0.0,0.0,0.0,0.0,0.0
2023-03-20 13:24:32.322265,1,True,Adult Dataset,FairMask Bias Mitigation,KNearestNeighbours,SupportVectorClassifier,"['race', 'sex']",0.05792,0.02595,0.08223,0.04941,0.13454,0.05639,0.83484,0.27798,0.0,0.0,0.0297304504008553,0.0067903027520411,0.6069578765578101,0.2452809281709156,0.7991708889912482,0.58583,0.60352,0.59454,0.0292646232650149,0.0292646232650148,0.8659215758620252,0.2227863661305828,0.23244,0.13711,0.0,0.0,0.0,0.0,0.0,0.0,0.0,0.0,0.0,0.0,0.0,0.0,0.0,0.0,0.0,0.0,0.0,0.0,0.0,0.0,0.0,0.0,0.0,0.0
2023-03-20 13:23:25.729317,1,True,Compas Dataset,FairMask Bias Mitigation,KNearestNeighbours,RandomForestClassifier,"['sex', 'race']",0.05562,0.13194,0.036,0.10269,0.07056,0.15079,0.11624,0.30254,0.0,0.0,0.0112185703514193,0.0340818675728303,0.1235687980272741,0.2643159899585811,0.627000695894224,0.65992,0.6616,0.66076,0.0345869599010929,0.0345869599010929,0.3314748564155717,0.4657499659893107,0.11506,0.17687,0.0,0.0,0.0,0.0,0.0,0.0,0.0,0.0,0.0,0.0,0.0,0.0,0.0,0.0,0.0,0.0,0.0,0.0,0.0,0.0,0.0,0.0,0.0,0.0
2023-03-20 13:23:24.595042,1,True,Adult Dataset,FairMask Bias Mitigation,KNearestNeighbours,RandomForestClassifier,"['race', 'sex']",0.06263,0.02762,0.09104,0.05077,0.13552,0.05792,0.86081,0.29183,0.0,0.0,0.0299464848073756,0.0069744647755829,0.6210121668647157,0.2560592762068428,0.7994779671426377,0.58751,0.59786,0.59264,0.0296899734174424,0.0296899734174424,0.8791454539801528,0.222449127571577,0.22842,0.13574,0.0,0.0,0.0,0.0,0.0,0.0,0.0,0.0,0.0,0.0,0.0,0.0,0.0,0.0,0.0,0.0,0.0,0.0,0.0,0.0,0.0,0.0,0.0,0.0
2023-03-20 13:23:19.010232,1,True,Compas Dataset,FairMask Bias Mitigation,KNearestNeighbours,GradientBoostingClassifier,"['sex', 'race']",0.06387,0.10722,0.05562,0.0982,0.08184,0.13074,0.13483,0.26343,0.0,0.0,0.0130127861483634,0.0295495961440583,0.1448287974541234,0.2338308673707891,0.6318719554627696,0.6671,0.65779,0.66241,0.0317830437163947,0.0317830437163947,0.3271729334729343,0.4479228297341783,0.13398,0.16677,0.0,0.0,0.0,0.0,0.0,0.0,0.0,0.0,0.0,0.0,0.0,0.0,0.0,0.0,0.0,0.0,0.0,0.0,0.0,0.0,0.0,0.0,0.0,0.0
2023-03-20 13:23:18.084626,1,True,Adult Dataset,FairMask Bias Mitigation,KNearestNeighbours,GradientBoostingClassifier,"['race', 'sex']",0.06186,0.02925,0.08884,0.05354,0.1362,0.05899,0.86257,0.29723,0.0,0.0,0.0300966291913922,0.0071034630593541,0.6219596376383482,0.2602288444435678,0.7997850452940273,0.5878,0.60038,0.59402,0.0297619691701174,0.0297619691701173,0.904139021061532,0.226945852187,0.23083,0.13856,0.0,0.0,0.0,0.0,0.0,0.0,0.0,0.0,0.0,0.0,0.0,0.0,0.0,0.0,0.0,0.0,0.0,0.0,0.0,0.0,0.0,0.0,0.0,0.0
2023-03-20 13:23:13.970398,1,True,Compas Dataset,FairMask Bias Mitigation,KNearestNeighbours,NaiveBayes,"['sex', 'race']",0.08204,0.14998,0.01334,0.13534,0.08832,0.17209,0.1368,0.33389,0.0,0.0,0.0140428258245039,0.0388969519639278,0.1471131149062106,0.2881007992064857,0.6346555323590815,0.65981,0.69075,0.67492,0.0394059184423592,0.0394059184423591,0.3821394353793541,0.6330389854591489,0.14375,0.21993,0.0,0.0,0.0,0.0,0.0,0.0,0.0,0.0,0.0,0.0,0.0,0.0,0.0,0.0,0.0,0.0,0.0,0.0,0.0,0.0,0.0,0.0,0.0,0.0
2023-03-20 13:23:13.640036,1,True,Adult Dataset,FairMask Bias Mitigation,KNearestNeighbours,NaiveBayes,"['race', 'sex']",0.06291,0.03589,0.09618,0.04866,0.13414,0.07375,0.93509,0.43394,0.0,0.0,0.0296431078128852,0.0088810084893459,0.6601516444245771,0.3604241485643126,0.8100721633655765,0.61579,0.58905,0.60212,0.0316991829802229,0.0316991829802229,0.90591764250629,0.2152081714325146,0.18272,0.1118,0.0,0.0,0.0,0.0,0.0,0.0,0.0,0.0,0.0,0.0,0.0,0.0,0.0,0.0,0.0,0.0,0.0,0.0,0.0,0.0,0.0,0.0,0.0,0.0
2023-03-20 13:23:11.400282,1,True,Compas Dataset,FairMask Bias Mitigation,KNearestNeighbours,MLPClassifier,"['sex', 'race']",0.06112,0.11099,0.04825,0.10354,0.07834,0.13488,0.1298,0.27294,0.0,0.0,0.0124549085240504,0.0304856876786043,0.1390316797697975,0.2413329950825781,0.6325678496868476,0.66795,0.65779,0.66284,0.0321026611053241,0.0321026611053241,0.3298431620288131,0.4504073030618404,0.13398,0.16804,0.0,0.0,0.0,0.0,0.0,0.0,0.0,0.0,0.0,0.0,0.0,0.0,0.0,0.0,0.0,0.0,0.0,0.0,0.0,0.0,0.0,0.0,0.0,0.0
2023-03-20 13:23:09.186530,1,True,Adult Dataset,FairMask Bias Mitigation,KNearestNeighbours,MLPClassifier,"['race', 'sex']",0.05783,0.02619,0.08223,0.04941,0.1343,0.05675,0.83097,0.27974,0.0,0.0,0.0296781391450643,0.0068333021799649,0.6048461651645798,0.2466573908796391,0.7988638108398587,0.58511,0.60352,0.59418,0.0292374421573416,0.0292374421573416,0.8667877517498742,0.2231597094240738,0.23244,0.1373,0.0,0.0,0.0,0.0,0.0,0.0,0.0,0.0,0.0,0.0,0.0,0.0,0.0,0.0,0.0,0.0,0.0,0.0,0.0,0.0,0.0,0.0,0.0,0.0
2023-03-20 13:23:02.113824,1,True,Compas Dataset,FairMask Bias Mitigation,KNearestNeighbours,KNearestNeighbours,"['sex', 'race']",0.04189,0.12832,0.0129,0.12344,0.0515,0.15288,0.08435,0.29601,0.0,0.0,0.008188016381844,0.0345554824309711,0.0881222340973614,0.2592935578764467,0.6374391092553932,0.66381,0.68821,0.67579,0.0329162326407806,0.0329162326407805,0.2996046476663827,0.448184644109283,0.13789,0.16171,0.0,0.0,0.0,0.0,0.0,0.0,0.0,0.0,0.0,0.0,0.0,0.0,0.0,0.0,0.0,0.0,0.0,0.0,0.0,0.0,0.0,0.0,0.0,0.0
2023-03-20 13:23:01.509751,1,True,Adult Dataset,FairMask Bias Mitigation,KNearestNeighbours,KNearestNeighbours,"['race', 'sex']",0.07038,0.01269,0.10132,0.03074,0.13819,0.04502,0.85256,0.2084,0.0,0.0,0.0305368782684073,0.005420827550865,0.6165672647581173,0.1892964694362345,0.790879778903731,0.56841,0.59346,0.58067,0.0300404046104722,0.0300404046104721,0.69215709929241,0.1988507124504553,0.18593,0.10651,0.0,0.0,0.0,0.0,0.0,0.0,0.0,0.0,0.0,0.0,0.0,0.0,0.0,0.0,0.0,0.0,0.0,0.0,0.0,0.0,0.0,0.0,0.0,0.0
2023-03-20 13:22:56.671152,1,True,Compas Dataset,FairMask Bias Mitigation,KNearestNeighbours,DecisionTreeClassifier,"['sex', 'race']",0.06336,0.13217,0.02787,0.10839,0.07584,0.15269,0.12351,0.30506,0.0,0.0,0.0120582924005154,0.0345128667791139,0.1318321568715629,0.2662526346363638,0.6311760612386917,0.66289,0.66793,0.6654,0.0353961730176094,0.0353961730176095,0.340954207485078,0.4892160407871457,0.12093,0.18234,0.0,0.0,0.0,0.0,0.0,0.0,0.0,0.0,0.0,0.0,0.0,0.0,0.0,0.0,0.0,0.0,0.0,0.0,0.0,0.0,0.0,0.0,0.0,0.0
2023-03-20 13:22:56.353415,1,True,Adult Dataset,FairMask Bias Mitigation,KNearestNeighbours,DecisionTreeClassifier,"['race', 'sex']",0.06073,0.02562,0.08811,0.048,0.13465,0.05654,0.87074,0.28807,0.0,0.0,0.0297542132426026,0.0068085492198114,0.6263344142028944,0.2531450262774092,0.8016275142023646,0.5931,0.59534,0.59422,0.0293748092990694,0.0293748092990694,0.8874646549191625,0.2198918040021249,0.2252,0.13342,0.0,0.0,0.0,0.0,0.0,0.0,0.0,0.0,0.0,0.0,0.0,0.0,0.0,0.0,0.0,0.0,0.0,0.0,0.0,0.0,0.0,0.0,0.0,0.0
2023-03-20 13:22:54.138357,1,True,Compas Dataset,FairMask Bias Mitigation,DecisionTreeClassifier,SupportVectorClassifier,"['sex', 'race']",0.07612,0.13507,0.02234,0.11068,0.08731,0.15842,0.13824,0.31251,0.0,0.0,0.0138815643237259,0.0358058643979643,0.1487759712444755,0.2719433764326369,0.6464857341684064,0.6741,0.68948,0.6817,0.037127918143081,0.0371279181430811,0.3659621118437681,0.5613530430376139,0.13278,0.21187,0.0,0.0,0.0,0.0,0.0,0.0,0.0,0.0,0.0,0.0,0.0,0.0,0.0,0.0,0.0,0.0,0.0,0.0,0.0,0.0,0.0,0.0,0.0,0.0
2023-03-20 13:22:50.534111,1,True,Adult Dataset,FairMask Bias Mitigation,DecisionTreeClassifier,SupportVectorClassifier,"['race', 'sex']",0.03883,0.00434,0.07489,0.00033,0.11298,0.05516,0.83645,0.33759,0.0,0.0,0.0249665664124632,0.0066417849911204,0.6078335847893629,0.2908727149913113,0.828036235221864,0.67079,0.57961,0.62188,0.026096810147318,0.0260968101473181,0.7874531758184276,0.1711702700330847,0.09664,0.04824,0.0,0.0,0.0,0.0,0.0,0.0,0.0,0.0,0.0,0.0,0.0,0.0,0.0,0.0,0.0,0.0,0.0,0.0,0.0,0.0,0.0,0.0,0.0,0.0
2023-03-20 13:21:44.462328,1,True,Compas Dataset,FairMask Bias Mitigation,DecisionTreeClassifier,RandomForestClassifier,"['sex', 'race']",0.06537,0.13721,0.02072,0.09793,0.07855,0.15842,0.12578,0.31251,0.0,0.0,0.01248977587557,0.0358058643979643,0.1344179545788308,0.2719433764326369,0.6478775226165623,0.67534,0.69075,0.68296,0.0357361296949251,0.0357361296949251,0.3607537667366299,0.5562639735301425,0.11632,0.20922,0.0,0.0,0.0,0.0,0.0,0.0,0.0,0.0,0.0,0.0,0.0,0.0,0.0,0.0,0.0,0.0,0.0,0.0,0.0,0.0,0.0,0.0,0.0,0.0
2023-03-20 13:21:43.431264,1,True,Adult Dataset,FairMask Bias Mitigation,DecisionTreeClassifier,RandomForestClassifier,"['race', 'sex']",0.04192,0.00554,0.07636,0.00039,0.1168,0.0575,0.92877,0.37191,0.0,0.0,0.0258103358884753,0.0069241101823564,0.6568826473719236,0.316206167408921,0.8311070167357593,0.68397,0.57206,0.62303,0.0270018726675197,0.0270018726675197,0.8621014635587955,0.1760590144471281,0.08824,0.04816,0.0,0.0,0.0,0.0,0.0,0.0,0.0,0.0,0.0,0.0,0.0,0.0,0.0,0.0,0.0,0.0,0.0,0.0,0.0,0.0,0.0,0.0,0.0,0.0
2023-03-20 13:21:39.310963,1,True,Compas Dataset,FairMask Bias Mitigation,DecisionTreeClassifier,GradientBoostingClassifier,"['sex', 'race']",0.07551,0.13033,0.01584,0.10776,0.08561,0.15405,0.1348,0.30014,0.0,0.0,0.0136113423494493,0.0348203774487655,0.1447922701088356,0.2624689345849424,0.6471816283924844,0.67322,0.69455,0.68372,0.0362823848687316,0.0362823848687316,0.3529917614011406,0.5485814773581262,0.12925,0.20541,0.0,0.0,0.0,0.0,0.0,0.0,0.0,0.0,0.0,0.0,0.0,0.0,0.0,0.0,0.0,0.0,0.0,0.0,0.0,0.0,0.0,0.0,0.0,0.0
2023-03-20 13:21:38.599490,1,True,Adult Dataset,FairMask Bias Mitigation,DecisionTreeClassifier,GradientBoostingClassifier,"['race', 'sex']",0.04217,0.00664,0.07636,0.00039,0.11628,0.05888,0.89803,0.3755,0.0,0.0,0.0256955293018588,0.0070900257381279,0.6408168897089533,0.3188163060993521,0.8277291570704745,0.67283,0.57206,0.61837,0.0270099586345032,0.0270099586345032,0.8508875412888885,0.1776367956647513,0.08824,0.04925,0.0,0.0,0.0,0.0,0.0,0.0,0.0,0.0,0.0,0.0,0.0,0.0,0.0,0.0,0.0,0.0,0.0,0.0,0.0,0.0,0.0,0.0,0.0,0.0
2023-03-20 13:21:35.912494,1,True,Compas Dataset,FairMask Bias Mitigation,DecisionTreeClassifier,NaiveBayes,"['sex', 'race']",0.08172,0.15524,0.03384,0.14931,0.09349,0.1807,0.14561,0.35798,0.0,0.0,0.0148651141978402,0.0408432281549989,0.1573624196817495,0.305998026436018,0.6437021572720947,0.66994,0.69202,0.6808,0.0415299212724259,0.0415299212724258,0.4054867993763452,0.6560285036838477,0.16738,0.23513,0.0,0.0,0.0,0.0,0.0,0.0,0.0,0.0,0.0,0.0,0.0,0.0,0.0,0.0,0.0,0.0,0.0,0.0,0.0,0.0,0.0,0.0,0.0,0.0
2023-03-20 13:21:35.659443,1,True,Adult Dataset,FairMask Bias Mitigation,DecisionTreeClassifier,NaiveBayes,"['race', 'sex']",0.03558,0.00547,0.06902,0.00036,0.11184,0.05755,0.83089,0.3595,0.0,0.0,0.0247151942085428,0.0069304045065097,0.6048033133781895,0.3071190656374342,0.8289574696760326,0.67399,0.57898,0.62288,0.0258984564266216,0.0258984564266216,0.8278193258789421,0.1750232976003802,0.09664,0.0495,0.0,0.0,0.0,0.0,0.0,0.0,0.0,0.0,0.0,0.0,0.0,0.0,0.0,0.0,0.0,0.0,0.0,0.0,0.0,0.0,0.0,0.0,0.0,0.0
2023-03-20 13:21:34.931430,1,True,Compas Dataset,FairMask Bias Mitigation,DecisionTreeClassifier,MLPClassifier,"['sex', 'race']",0.07438,0.12711,0.01172,0.10655,0.08384,0.15109,0.13274,0.29496,0.0,0.0,0.0133294979246661,0.0341491809320139,0.1424166493361831,0.2584808495752236,0.6464857341684064,0.67324,0.69202,0.6825,0.0351535543632858,0.0351535543632858,0.3529917614011406,0.5485814773581262,0.12494,0.20541,0.0,0.0,0.0,0.0,0.0,0.0,0.0,0.0,0.0,0.0,0.0,0.0,0.0,0.0,0.0,0.0,0.0,0.0,0.0,0.0,0.0,0.0,0.0,0.0
2023-03-20 13:21:31.821177,1,True,Adult Dataset,FairMask Bias Mitigation,DecisionTreeClassifier,MLPClassifier,"['race', 'sex']",0.03915,0.00797,0.07636,0.00171,0.112,0.06,0.80695,0.36974,0.0,0.0,0.0247505320059428,0.0072253183460524,0.5916404165140885,0.314618092999192,0.8255796100107478,0.6626,0.58087,0.61905,0.0261320772219747,0.0261320772219748,0.8226379671369443,0.1783629086103332,0.09664,0.05239,0.0,0.0,0.0,0.0,0.0,0.0,0.0,0.0,0.0,0.0,0.0,0.0,0.0,0.0,0.0,0.0,0.0,0.0,0.0,0.0,0.0,0.0,0.0,0.0
2023-03-20 13:21:27.670170,1,True,Compas Dataset,FairMask Bias Mitigation,DecisionTreeClassifier,KNearestNeighbours,"['sex', 'race']",0.07136,0.13081,0.0423,0.1092,0.08843,0.15615,0.13478,0.29388,0.0,0.0,0.0140602595002637,0.0352939923069063,0.144766926384574,0.2576415917217773,0.6562282533054976,0.67539,0.7199,0.69693,0.0366993402806531,0.0366993402806531,0.3518340858840252,0.6015403183997778,0.12561,0.20433,0.0,0.0,0.0,0.0,0.0,0.0,0.0,0.0,0.0,0.0,0.0,0.0,0.0,0.0,0.0,0.0,0.0,0.0,0.0,0.0,0.0,0.0,0.0,0.0
2023-03-20 13:21:27.234582,1,True,Adult Dataset,FairMask Bias Mitigation,DecisionTreeClassifier,KNearestNeighbours,"['race', 'sex']",0.04701,0.0092,0.07783,0.00711,0.12064,0.05696,1.04865,0.38768,0.0,0.0,0.0266591974020047,0.0068593988722409,0.7171786599749642,0.3276361481295432,0.8291110087517273,0.68652,0.55129,0.61152,0.0281060197100985,0.0281060197100985,0.8620479318010675,0.1706913489866803,0.08057,0.05004,0.0,0.0,0.0,0.0,0.0,0.0,0.0,0.0,0.0,0.0,0.0,0.0,0.0,0.0,0.0,0.0,0.0,0.0,0.0,0.0,0.0,0.0,0.0,0.0
2023-03-20 13:21:23.851206,1,True,Compas Dataset,FairMask Bias Mitigation,DecisionTreeClassifier,DecisionTreeClassifier,"['sex', 'race']",0.07037,0.13545,0.02885,0.09222,0.08376,0.15555,0.13411,0.30881,0.0,0.0,0.0133178754741596,0.0351593655885391,0.144002692491818,0.269120062062629,0.6450939457202505,0.67416,0.68441,0.67925,0.0355661513562673,0.0355661513562673,0.3685764924178389,0.5638878986408019,0.10861,0.2131,0.0,0.0,0.0,0.0,0.0,0.0,0.0,0.0,0.0,0.0,0.0,0.0,0.0,0.0,0.0,0.0,0.0,0.0,0.0,0.0,0.0,0.0,0.0,0.0
2023-03-20 13:21:23.575750,1,True,Adult Dataset,FairMask Bias Mitigation,DecisionTreeClassifier,DecisionTreeClassifier,"['race', 'sex']",0.03727,0.00508,0.06975,0.00096,0.11266,0.05536,0.88928,0.35806,0.0,0.0,0.0248958908176631,0.0066661136148141,0.6361943588718059,0.306053795944903,0.8301857822815907,0.68337,0.56639,0.61941,0.026090185783696,0.026090185783696,0.8237460004913062,0.1685932557684306,0.07983,0.04256,0.0,0.0,0.0,0.0,0.0,0.0,0.0,0.0,0.0,0.0,0.0,0.0,0.0,0.0,0.0,0.0,0.0,0.0,0.0,0.0,0.0,0.0,0.0,0.0
